"pathway_id","state","is_nonnull","reject_HDMT","reject_MDACT","reject_MLFDR"
"pathway_0001","H00",FALSE,FALSE,FALSE,FALSE
"pathway_0002","H10",FALSE,FALSE,FALSE,FALSE
"pathway_0003","H10",FALSE,FALSE,FALSE,FALSE
"pathway_0004","H10",FALSE,FALSE,FALSE,FALSE
"pathway_0005","H11",TRUE,TRUE,TRUE,TRUE
"pathway_0006","H00",FALSE,FALSE,FALSE,FALSE
"pathway_0007","H01",FALSE,FALSE,FALSE,FALSE
"pathway_0008","H00",FALSE,FALSE,FALSE,FALSE
"pathway_0009","H00",FALSE,FALSE,FALSE,FALSE
"pathway_0010","H10",FALSE,FALSE,FALSE,FALSE
"pathway_0011","H10",FALSE,FALSE,FALSE,FALSE
"pathway_0012","H00",FALSE,FALSE,FALSE,FALSE
"pathway_0013","H01",FALSE,FALSE,FALSE,FALSE
"pathway_0014","H00",FALSE,FALSE,FALSE,FALSE
"pathway_0015","H10",FALSE,FALSE,FALSE,FALSE
"pathway_0016","H00",FALSE,FALSE,FALSE,FALSE
"pathway_0017","H00",FALSE,FALSE,FALSE,FALSE
"pathway_0018","H10",FALSE,FALSE,FALSE,FALSE
"pathway_0019","H11",TRUE,FALSE,TRUE,TRUE
"pathway_0020","H00",FALSE,FALSE,FALSE,FALSE
"pathway_0021","H00",FALSE,FALSE,FALSE,FALSE
"pathway_0022","H00",FALSE,FALSE,FALSE,FALSE
"pathway_0023","H00",FALSE,FALSE,FALSE,FALSE
"pathway_0024","H00",FALSE,FALSE,FALSE,FALSE
"pathway_0025","H10",FALSE,FALSE,FALSE,FALSE
"pathway_0026","H00",FALSE,FALSE,FALSE,FALSE
"pathway_0027","H00",FALSE,FALSE,FALSE,FALSE
"pathway_0028","H00",FALSE,FALSE,FALSE,FALSE
"pathway_0029","H10",FALSE,FALSE,FALSE,FALSE
"pathway_0030","H00",FALSE,FALSE,FALSE,FALSE
"pathway_0031","H01",FALSE,FALSE,FALSE,FALSE
"pathway_0032","H11",TRUE,TRUE,TRUE,TRUE
"pathway_0033","H00",FALSE,FALSE,FALSE,FALSE
"pathway_0034","H00",FALSE,FALSE,FALSE,FALSE
"pathway_0035","H10",FALSE,FALSE,FALSE,FALSE
"pathway_0036","H01",FALSE,FALSE,FALSE,FALSE
"pathway_0037","H00",FALSE,FALSE,FALSE,FALSE
"pathway_0038","H11",TRUE,TRUE,TRUE,TRUE
"pathway_0039","H00",FALSE,FALSE,FALSE,FALSE
"pathway_0040","H00",FALSE,FALSE,FALSE,FALSE
"pathway_0041","H00",FALSE,FALSE,FALSE,FALSE
"pathway_0042","H01",FALSE,FALSE,FALSE,FALSE
"pathway_0043","H00",FALSE,FALSE,FALSE,FALSE
"pathway_0044","H01",FALSE,FALSE,FALSE,FALSE
"pathway_0045","H10",FALSE,FALSE,FALSE,FALSE
"pathway_0046","H10",FALSE,FALSE,FALSE,FALSE
"pathway_0047","H10",FALSE,FALSE,FALSE,FALSE
"pathway_0048","H10",FALSE,FALSE,FALSE,FALSE
"pathway_0049","H10",FALSE,FALSE,FALSE,FALSE
"pathway_0050","H00",FALSE,FALSE,FALSE,FALSE
"pathway_0051","H10",FALSE,FALSE,FALSE,FALSE
"pathway_0052","H11",TRUE,TRUE,TRUE,TRUE
"pathway_0053","H01",FALSE,FALSE,FALSE,FALSE
"pathway_0054","H01",FALSE,FALSE,FALSE,FALSE
"pathway_0055","H00",FALSE,FALSE,FALSE,FALSE
"pathway_0056","H01",FALSE,FALSE,FALSE,FALSE
"pathway_0057","H10",FALSE,FALSE,FALSE,FALSE
"pathway_0058","H01",FALSE,FALSE,FALSE,TRUE
"pathway_0059","H00",FALSE,FALSE,FALSE,FALSE
"pathway_0060","H11",TRUE,TRUE,TRUE,TRUE
"pathway_0061","H10",FALSE,FALSE,FALSE,FALSE
"pathway_0062","H11",TRUE,TRUE,TRUE,TRUE
"pathway_0063","H00",FALSE,FALSE,FALSE,FALSE
"pathway_0064","H11",TRUE,TRUE,TRUE,TRUE
"pathway_0065","H00",FALSE,FALSE,FALSE,FALSE
"pathway_0066","H00",FALSE,FALSE,FALSE,FALSE
"pathway_0067","H00",FALSE,FALSE,FALSE,FALSE
"pathway_0068","H10",FALSE,FALSE,FALSE,FALSE
"pathway_0069","H10",FALSE,FALSE,FALSE,FALSE
"pathway_0070","H11",TRUE,TRUE,TRUE,TRUE
"pathway_0071","H10",FALSE,FALSE,FALSE,FALSE
"pathway_0072","H10",FALSE,FALSE,FALSE,FALSE
"pathway_0073","H00",FALSE,FALSE,FALSE,FALSE
"pathway_0074","H11",TRUE,TRUE,TRUE,TRUE
"pathway_0075","H00",FALSE,FALSE,FALSE,FALSE
"pathway_0076","H11",TRUE,TRUE,TRUE,TRUE
"pathway_0077","H11",TRUE,TRUE,TRUE,TRUE
"pathway_0078","H11",TRUE,TRUE,TRUE,TRUE
"pathway_0079","H10",FALSE,FALSE,FALSE,FALSE
"pathway_0080","H00",FALSE,FALSE,FALSE,FALSE
"pathway_0081","H01",FALSE,FALSE,FALSE,FALSE
"pathway_0082","H01",FALSE,FALSE,FALSE,FALSE
"pathway_0083","H01",FALSE,FALSE,FALSE,FALSE
"pathway_0084","H10",FALSE,FALSE,FALSE,FALSE
"pathway_0085","H00",FALSE,FALSE,FALSE,FALSE
"pathway_0086","H01",FALSE,FALSE,FALSE,FALSE
"pathway_0087","H11",TRUE,TRUE,TRUE,TRUE
"pathway_0088","H00",FALSE,FALSE,FALSE,FALSE
"pathway_0089","H10",FALSE,FALSE,FALSE,FALSE
"pathway_0090","H00",FALSE,FALSE,FALSE,FALSE
"pathway_0091","H11",TRUE,TRUE,TRUE,TRUE
"pathway_0092","H10",FALSE,FALSE,FALSE,FALSE
"pathway_0093","H11",TRUE,TRUE,TRUE,TRUE
"pathway_0094","H00",FALSE,FALSE,FALSE,FALSE
"pathway_0095","H10",FALSE,FALSE,FALSE,FALSE
"pathway_0096","H10",FALSE,FALSE,FALSE,FALSE
"pathway_0097","H10",FALSE,FALSE,FALSE,FALSE
"pathway_0098","H01",FALSE,FALSE,FALSE,FALSE
"pathway_0099","H10",FALSE,FALSE,FALSE,FALSE
"pathway_0100","H11",TRUE,TRUE,TRUE,TRUE
"pathway_0101","H01",FALSE,FALSE,FALSE,FALSE
"pathway_0102","H10",FALSE,FALSE,FALSE,FALSE
"pathway_0103","H00",FALSE,FALSE,FALSE,FALSE
"pathway_0104","H00",FALSE,FALSE,FALSE,FALSE
"pathway_0105","H00",FALSE,FALSE,FALSE,FALSE
"pathway_0106","H11",TRUE,TRUE,TRUE,TRUE
"pathway_0107","H00",FALSE,FALSE,FALSE,FALSE
"pathway_0108","H01",FALSE,FALSE,FALSE,FALSE
"pathway_0109","H00",FALSE,FALSE,FALSE,FALSE
"pathway_0110","H00",FALSE,FALSE,FALSE,FALSE
"pathway_0111","H11",TRUE,TRUE,TRUE,TRUE
"pathway_0112","H01",FALSE,TRUE,TRUE,TRUE
"pathway_0113","H11",TRUE,TRUE,TRUE,TRUE
"pathway_0114","H10",FALSE,FALSE,FALSE,FALSE
"pathway_0115","H00",FALSE,FALSE,FALSE,FALSE
"pathway_0116","H10",FALSE,FALSE,FALSE,FALSE
"pathway_0117","H11",TRUE,TRUE,TRUE,TRUE
"pathway_0118","H00",FALSE,FALSE,FALSE,FALSE
"pathway_0119","H11",TRUE,TRUE,TRUE,TRUE
"pathway_0120","H00",FALSE,FALSE,FALSE,FALSE
"pathway_0121","H00",FALSE,FALSE,FALSE,FALSE
"pathway_0122","H10",FALSE,FALSE,FALSE,FALSE
"pathway_0123","H00",FALSE,FALSE,FALSE,FALSE
"pathway_0124","H11",TRUE,TRUE,TRUE,TRUE
"pathway_0125","H01",FALSE,FALSE,FALSE,TRUE
"pathway_0126","H11",TRUE,TRUE,TRUE,TRUE
"pathway_0127","H00",FALSE,FALSE,FALSE,FALSE
"pathway_0128","H10",FALSE,FALSE,FALSE,FALSE
"pathway_0129","H00",FALSE,FALSE,FALSE,FALSE
"pathway_0130","H00",FALSE,FALSE,FALSE,FALSE
"pathway_0131","H01",FALSE,FALSE,FALSE,FALSE
"pathway_0132","H00",FALSE,FALSE,FALSE,FALSE
"pathway_0133","H11",TRUE,TRUE,TRUE,TRUE
"pathway_0134","H11",TRUE,FALSE,FALSE,FALSE
"pathway_0135","H10",FALSE,FALSE,FALSE,FALSE
"pathway_0136","H10",FALSE,FALSE,FALSE,FALSE
"pathway_0137","H00",FALSE,FALSE,FALSE,FALSE
"pathway_0138","H10",FALSE,FALSE,FALSE,FALSE
"pathway_0139","H00",FALSE,FALSE,FALSE,FALSE
"pathway_0140","H00",FALSE,FALSE,FALSE,FALSE
"pathway_0141","H11",TRUE,TRUE,TRUE,TRUE
"pathway_0142","H00",FALSE,FALSE,FALSE,FALSE
"pathway_0143","H00",FALSE,FALSE,FALSE,FALSE
"pathway_0144","H10",FALSE,FALSE,FALSE,FALSE
"pathway_0145","H00",FALSE,FALSE,FALSE,FALSE
"pathway_0146","H10",FALSE,FALSE,FALSE,FALSE
"pathway_0147","H00",FALSE,FALSE,FALSE,FALSE
"pathway_0148","H00",FALSE,FALSE,FALSE,FALSE
"pathway_0149","H11",TRUE,TRUE,TRUE,TRUE
"pathway_0150","H00",FALSE,FALSE,FALSE,FALSE
"pathway_0151","H10",FALSE,FALSE,FALSE,FALSE
"pathway_0152","H00",FALSE,FALSE,FALSE,FALSE
"pathway_0153","H00",FALSE,FALSE,FALSE,FALSE
"pathway_0154","H00",FALSE,FALSE,FALSE,FALSE
"pathway_0155","H01",FALSE,FALSE,FALSE,FALSE
"pathway_0156","H01",FALSE,FALSE,FALSE,FALSE
"pathway_0157","H01",FALSE,FALSE,FALSE,FALSE
"pathway_0158","H00",FALSE,FALSE,FALSE,FALSE
"pathway_0159","H01",FALSE,FALSE,FALSE,FALSE
"pathway_0160","H11",TRUE,TRUE,TRUE,TRUE
"pathway_0161","H01",FALSE,FALSE,FALSE,FALSE
"pathway_0162","H10",FALSE,FALSE,FALSE,FALSE
"pathway_0163","H01",FALSE,FALSE,FALSE,FALSE
"pathway_0164","H00",FALSE,FALSE,FALSE,FALSE
"pathway_0165","H10",FALSE,FALSE,FALSE,FALSE
"pathway_0166","H00",FALSE,FALSE,FALSE,FALSE
"pathway_0167","H00",FALSE,FALSE,FALSE,FALSE
"pathway_0168","H00",FALSE,FALSE,FALSE,FALSE
"pathway_0169","H11",TRUE,TRUE,TRUE,TRUE
"pathway_0170","H00",FALSE,FALSE,FALSE,FALSE
"pathway_0171","H01",FALSE,FALSE,FALSE,FALSE
"pathway_0172","H11",TRUE,TRUE,TRUE,TRUE
"pathway_0173","H11",TRUE,TRUE,TRUE,TRUE
"pathway_0174","H11",TRUE,TRUE,TRUE,TRUE
"pathway_0175","H01",FALSE,FALSE,FALSE,FALSE
"pathway_0176","H00",FALSE,FALSE,FALSE,FALSE
"pathway_0177","H01",FALSE,FALSE,FALSE,FALSE
"pathway_0178","H11",TRUE,TRUE,TRUE,TRUE
"pathway_0179","H10",FALSE,FALSE,FALSE,FALSE
"pathway_0180","H00",FALSE,FALSE,FALSE,FALSE
"pathway_0181","H11",TRUE,TRUE,TRUE,TRUE
"pathway_0182","H00",FALSE,FALSE,FALSE,FALSE
"pathway_0183","H01",FALSE,FALSE,FALSE,FALSE
"pathway_0184","H00",FALSE,FALSE,FALSE,FALSE
"pathway_0185","H01",FALSE,FALSE,FALSE,FALSE
"pathway_0186","H01",FALSE,TRUE,TRUE,TRUE
"pathway_0187","H00",FALSE,FALSE,FALSE,FALSE
"pathway_0188","H10",FALSE,FALSE,FALSE,FALSE
"pathway_0189","H01",FALSE,FALSE,FALSE,FALSE
"pathway_0190","H11",TRUE,FALSE,FALSE,FALSE
"pathway_0191","H00",FALSE,FALSE,FALSE,FALSE
"pathway_0192","H00",FALSE,FALSE,FALSE,FALSE
"pathway_0193","H11",TRUE,TRUE,TRUE,TRUE
"pathway_0194","H10",FALSE,FALSE,FALSE,FALSE
"pathway_0195","H11",TRUE,TRUE,TRUE,TRUE
"pathway_0196","H00",FALSE,FALSE,FALSE,FALSE
"pathway_0197","H00",FALSE,FALSE,FALSE,FALSE
"pathway_0198","H00",FALSE,FALSE,FALSE,FALSE
"pathway_0199","H11",TRUE,FALSE,FALSE,TRUE
"pathway_0200","H10",FALSE,FALSE,FALSE,FALSE
"pathway_0201","H00",FALSE,FALSE,FALSE,FALSE
"pathway_0202","H10",FALSE,FALSE,FALSE,FALSE
"pathway_0203","H10",FALSE,FALSE,FALSE,FALSE
"pathway_0204","H01",FALSE,FALSE,FALSE,FALSE
"pathway_0205","H10",FALSE,FALSE,FALSE,FALSE
"pathway_0206","H00",FALSE,FALSE,FALSE,FALSE
"pathway_0207","H00",FALSE,FALSE,FALSE,FALSE
"pathway_0208","H10",FALSE,FALSE,FALSE,FALSE
"pathway_0209","H01",FALSE,FALSE,FALSE,FALSE
"pathway_0210","H11",TRUE,TRUE,TRUE,TRUE
"pathway_0211","H00",FALSE,FALSE,FALSE,FALSE
"pathway_0212","H00",FALSE,FALSE,FALSE,FALSE
"pathway_0213","H11",TRUE,TRUE,TRUE,TRUE
"pathway_0214","H00",FALSE,FALSE,FALSE,FALSE
"pathway_0215","H10",FALSE,FALSE,FALSE,FALSE
"pathway_0216","H00",FALSE,FALSE,FALSE,FALSE
"pathway_0217","H11",TRUE,TRUE,TRUE,TRUE
"pathway_0218","H00",FALSE,FALSE,FALSE,FALSE
"pathway_0219","H01",FALSE,FALSE,FALSE,FALSE
"pathway_0220","H00",FALSE,FALSE,FALSE,FALSE
"pathway_0221","H10",FALSE,FALSE,FALSE,FALSE
"pathway_0222","H10",FALSE,FALSE,FALSE,FALSE
"pathway_0223","H11",TRUE,TRUE,TRUE,TRUE
"pathway_0224","H00",FALSE,FALSE,FALSE,FALSE
"pathway_0225","H00",FALSE,FALSE,FALSE,FALSE
"pathway_0226","H00",FALSE,FALSE,FALSE,FALSE
"pathway_0227","H00",FALSE,FALSE,FALSE,FALSE
"pathway_0228","H00",FALSE,FALSE,FALSE,FALSE
"pathway_0229","H00",FALSE,FALSE,FALSE,FALSE
"pathway_0230","H01",FALSE,FALSE,FALSE,FALSE
"pathway_0231","H01",FALSE,FALSE,FALSE,FALSE
"pathway_0232","H11",TRUE,TRUE,TRUE,TRUE
"pathway_0233","H00",FALSE,FALSE,FALSE,FALSE
"pathway_0234","H01",FALSE,FALSE,FALSE,FALSE
"pathway_0235","H00",FALSE,FALSE,FALSE,FALSE
"pathway_0236","H00",FALSE,FALSE,FALSE,FALSE
"pathway_0237","H10",FALSE,FALSE,FALSE,FALSE
"pathway_0238","H00",FALSE,FALSE,FALSE,FALSE
"pathway_0239","H00",FALSE,FALSE,FALSE,FALSE
"pathway_0240","H10",FALSE,FALSE,FALSE,FALSE
"pathway_0241","H11",TRUE,TRUE,TRUE,TRUE
"pathway_0242","H00",FALSE,FALSE,FALSE,FALSE
"pathway_0243","H01",FALSE,FALSE,FALSE,FALSE
"pathway_0244","H11",TRUE,TRUE,TRUE,TRUE
"pathway_0245","H01",FALSE,FALSE,FALSE,FALSE
"pathway_0246","H11",TRUE,TRUE,TRUE,TRUE
"pathway_0247","H11",TRUE,TRUE,TRUE,TRUE
"pathway_0248","H10",FALSE,FALSE,FALSE,FALSE
"pathway_0249","H00",FALSE,FALSE,FALSE,FALSE
"pathway_0250","H10",FALSE,FALSE,FALSE,FALSE
"pathway_0251","H00",FALSE,FALSE,FALSE,FALSE
"pathway_0252","H00",FALSE,FALSE,FALSE,FALSE
"pathway_0253","H11",TRUE,TRUE,TRUE,TRUE
"pathway_0254","H11",TRUE,TRUE,TRUE,TRUE
"pathway_0255","H00",FALSE,FALSE,FALSE,FALSE
"pathway_0256","H00",FALSE,FALSE,FALSE,FALSE
"pathway_0257","H00",FALSE,FALSE,FALSE,FALSE
"pathway_0258","H10",FALSE,FALSE,FALSE,FALSE
"pathway_0259","H11",TRUE,TRUE,TRUE,TRUE
"pathway_0260","H00",FALSE,FALSE,FALSE,FALSE
"pathway_0261","H00",FALSE,FALSE,FALSE,FALSE
"pathway_0262","H11",TRUE,TRUE,TRUE,TRUE
"pathway_0263","H11",TRUE,TRUE,TRUE,TRUE
"pathway_0264","H11",TRUE,TRUE,TRUE,TRUE
"pathway_0265","H00",FALSE,FALSE,FALSE,FALSE
"pathway_0266","H10",FALSE,FALSE,FALSE,FALSE
"pathway_0267","H11",TRUE,TRUE,TRUE,TRUE
"pathway_0268","H00",FALSE,FALSE,FALSE,FALSE
"pathway_0269","H01",FALSE,FALSE,FALSE,FALSE
"pathway_0270","H00",FALSE,FALSE,FALSE,FALSE
"pathway_0271","H11",TRUE,TRUE,TRUE,TRUE
"pathway_0272","H00",FALSE,FALSE,FALSE,FALSE
"pathway_0273","H00",FALSE,FALSE,FALSE,FALSE
"pathway_0274","H01",FALSE,FALSE,FALSE,FALSE
"pathway_0275","H00",FALSE,FALSE,FALSE,FALSE
"pathway_0276","H01",FALSE,FALSE,FALSE,FALSE
"pathway_0277","H10",FALSE,FALSE,FALSE,FALSE
"pathway_0278","H01",FALSE,FALSE,FALSE,FALSE
"pathway_0279","H11",TRUE,FALSE,FALSE,TRUE
"pathway_0280","H10",FALSE,FALSE,FALSE,FALSE
"pathway_0281","H11",TRUE,TRUE,TRUE,TRUE
"pathway_0282","H10",FALSE,FALSE,FALSE,FALSE
"pathway_0283","H00",FALSE,FALSE,FALSE,FALSE
"pathway_0284","H10",FALSE,FALSE,FALSE,FALSE
"pathway_0285","H11",TRUE,TRUE,TRUE,TRUE
"pathway_0286","H11",TRUE,TRUE,TRUE,TRUE
"pathway_0287","H00",FALSE,FALSE,FALSE,FALSE
"pathway_0288","H00",FALSE,FALSE,FALSE,FALSE
"pathway_0289","H01",FALSE,FALSE,FALSE,FALSE
"pathway_0290","H11",TRUE,TRUE,TRUE,TRUE
"pathway_0291","H01",FALSE,FALSE,FALSE,FALSE
"pathway_0292","H00",FALSE,FALSE,FALSE,FALSE
"pathway_0293","H01",FALSE,FALSE,FALSE,FALSE
"pathway_0294","H11",TRUE,TRUE,TRUE,TRUE
"pathway_0295","H00",FALSE,FALSE,FALSE,FALSE
"pathway_0296","H00",FALSE,FALSE,FALSE,FALSE
"pathway_0297","H00",FALSE,FALSE,FALSE,FALSE
"pathway_0298","H10",FALSE,FALSE,FALSE,FALSE
"pathway_0299","H01",FALSE,FALSE,FALSE,FALSE
"pathway_0300","H10",FALSE,FALSE,FALSE,FALSE
"pathway_0301","H00",FALSE,FALSE,FALSE,FALSE
"pathway_0302","H01",FALSE,FALSE,FALSE,FALSE
"pathway_0303","H00",FALSE,FALSE,FALSE,FALSE
"pathway_0304","H10",FALSE,FALSE,FALSE,FALSE
"pathway_0305","H00",FALSE,FALSE,FALSE,FALSE
"pathway_0306","H01",FALSE,FALSE,FALSE,FALSE
"pathway_0307","H00",FALSE,FALSE,FALSE,FALSE
"pathway_0308","H10",FALSE,FALSE,FALSE,FALSE
"pathway_0309","H00",FALSE,FALSE,FALSE,FALSE
"pathway_0310","H00",FALSE,FALSE,FALSE,FALSE
"pathway_0311","H00",FALSE,FALSE,FALSE,FALSE
"pathway_0312","H10",FALSE,FALSE,FALSE,FALSE
"pathway_0313","H01",FALSE,FALSE,FALSE,FALSE
"pathway_0314","H01",FALSE,FALSE,FALSE,TRUE
"pathway_0315","H11",TRUE,TRUE,TRUE,TRUE
"pathway_0316","H10",FALSE,FALSE,FALSE,FALSE
"pathway_0317","H10",FALSE,FALSE,FALSE,FALSE
"pathway_0318","H11",TRUE,FALSE,FALSE,TRUE
"pathway_0319","H00",FALSE,FALSE,FALSE,FALSE
"pathway_0320","H00",FALSE,FALSE,FALSE,FALSE
"pathway_0321","H10",FALSE,TRUE,TRUE,FALSE
"pathway_0322","H01",FALSE,FALSE,FALSE,FALSE
"pathway_0323","H00",FALSE,FALSE,FALSE,FALSE
"pathway_0324","H11",TRUE,FALSE,FALSE,TRUE
"pathway_0325","H00",FALSE,FALSE,FALSE,FALSE
"pathway_0326","H11",TRUE,TRUE,TRUE,TRUE
"pathway_0327","H01",FALSE,FALSE,FALSE,FALSE
"pathway_0328","H00",FALSE,FALSE,FALSE,FALSE
"pathway_0329","H11",TRUE,TRUE,TRUE,TRUE
"pathway_0330","H10",FALSE,FALSE,FALSE,FALSE
"pathway_0331","H10",FALSE,FALSE,FALSE,FALSE
"pathway_0332","H00",FALSE,FALSE,FALSE,FALSE
"pathway_0333","H00",FALSE,FALSE,FALSE,FALSE
"pathway_0334","H11",TRUE,TRUE,TRUE,TRUE
"pathway_0335","H10",FALSE,FALSE,FALSE,FALSE
"pathway_0336","H10",FALSE,FALSE,FALSE,FALSE
"pathway_0337","H10",FALSE,FALSE,FALSE,FALSE
"pathway_0338","H10",FALSE,FALSE,FALSE,FALSE
"pathway_0339","H00",FALSE,FALSE,FALSE,FALSE
"pathway_0340","H11",TRUE,TRUE,TRUE,TRUE
"pathway_0341","H10",FALSE,FALSE,FALSE,FALSE
"pathway_0342","H10",FALSE,FALSE,FALSE,FALSE
"pathway_0343","H10",FALSE,FALSE,FALSE,FALSE
"pathway_0344","H00",FALSE,FALSE,FALSE,FALSE
"pathway_0345","H00",FALSE,FALSE,FALSE,FALSE
"pathway_0346","H10",FALSE,FALSE,FALSE,FALSE
"pathway_0347","H00",FALSE,FALSE,FALSE,FALSE
"pathway_0348","H00",FALSE,FALSE,FALSE,FALSE
"pathway_0349","H10",FALSE,FALSE,FALSE,FALSE
"pathway_0350","H10",FALSE,FALSE,FALSE,FALSE
"pathway_0351","H10",FALSE,FALSE,FALSE,FALSE
"pathway_0352","H01",FALSE,FALSE,FALSE,FALSE
"pathway_0353","H01",FALSE,FALSE,FALSE,FALSE
"pathway_0354","H01",FALSE,FALSE,FALSE,FALSE
"pathway_0355","H00",FALSE,FALSE,FALSE,FALSE
"pathway_0356","H11",TRUE,TRUE,TRUE,TRUE
"pathway_0357","H00",FALSE,FALSE,FALSE,FALSE
"pathway_0358","H01",FALSE,FALSE,FALSE,FALSE
"pathway_0359","H00",FALSE,FALSE,FALSE,FALSE
"pathway_0360","H11",TRUE,TRUE,TRUE,TRUE
"pathway_0361","H11",TRUE,TRUE,TRUE,TRUE
"pathway_0362","H00",FALSE,FALSE,FALSE,FALSE
"pathway_0363","H00",FALSE,FALSE,FALSE,FALSE
"pathway_0364","H00",FALSE,FALSE,FALSE,FALSE
"pathway_0365","H11",TRUE,TRUE,TRUE,TRUE
"pathway_0366","H00",FALSE,FALSE,FALSE,FALSE
"pathway_0367","H11",TRUE,TRUE,TRUE,TRUE
"pathway_0368","H01",FALSE,FALSE,FALSE,FALSE
"pathway_0369","H10",FALSE,FALSE,FALSE,FALSE
"pathway_0370","H00",FALSE,FALSE,FALSE,FALSE
"pathway_0371","H01",FALSE,FALSE,FALSE,FALSE
"pathway_0372","H11",TRUE,TRUE,TRUE,TRUE
"pathway_0373","H10",FALSE,FALSE,FALSE,FALSE
"pathway_0374","H00",FALSE,FALSE,FALSE,FALSE
"pathway_0375","H00",FALSE,FALSE,FALSE,FALSE
"pathway_0376","H10",FALSE,FALSE,FALSE,FALSE
"pathway_0377","H00",FALSE,FALSE,FALSE,FALSE
"pathway_0378","H00",FALSE,FALSE,FALSE,FALSE
"pathway_0379","H10",FALSE,FALSE,FALSE,FALSE
"pathway_0380","H10",FALSE,FALSE,FALSE,FALSE
"pathway_0381","H01",FALSE,FALSE,FALSE,FALSE
"pathway_0382","H11",TRUE,FALSE,FALSE,TRUE
"pathway_0383","H10",FALSE,FALSE,FALSE,FALSE
"pathway_0384","H10",FALSE,FALSE,FALSE,FALSE
"pathway_0385","H01",FALSE,FALSE,FALSE,FALSE
"pathway_0386","H10",FALSE,FALSE,FALSE,FALSE
"pathway_0387","H00",FALSE,FALSE,FALSE,FALSE
"pathway_0388","H00",FALSE,FALSE,FALSE,FALSE
"pathway_0389","H00",FALSE,FALSE,FALSE,FALSE
"pathway_0390","H00",FALSE,FALSE,FALSE,FALSE
"pathway_0391","H00",FALSE,FALSE,FALSE,FALSE
"pathway_0392","H00",FALSE,FALSE,FALSE,FALSE
"pathway_0393","H00",FALSE,FALSE,FALSE,FALSE
"pathway_0394","H00",FALSE,FALSE,FALSE,FALSE
"pathway_0395","H00",FALSE,FALSE,FALSE,FALSE
"pathway_0396","H01",FALSE,FALSE,FALSE,FALSE
"pathway_0397","H00",FALSE,FALSE,FALSE,FALSE
"pathway_0398","H11",TRUE,TRUE,TRUE,TRUE
"pathway_0399","H11",TRUE,TRUE,TRUE,TRUE
"pathway_0400","H01",FALSE,FALSE,FALSE,FALSE
"pathway_0401","H01",FALSE,FALSE,FALSE,FALSE
"pathway_0402","H10",FALSE,FALSE,FALSE,FALSE
"pathway_0403","H00",FALSE,FALSE,FALSE,FALSE
"pathway_0404","H10",FALSE,FALSE,FALSE,FALSE
"pathway_0405","H00",FALSE,FALSE,FALSE,FALSE
"pathway_0406","H11",TRUE,TRUE,TRUE,TRUE
"pathway_0407","H00",FALSE,FALSE,FALSE,FALSE
"pathway_0408","H10",FALSE,FALSE,FALSE,FALSE
"pathway_0409","H00",FALSE,FALSE,FALSE,FALSE
"pathway_0410","H11",TRUE,TRUE,TRUE,TRUE
"pathway_0411","H11",TRUE,TRUE,TRUE,TRUE
"pathway_0412","H10",FALSE,FALSE,FALSE,FALSE
"pathway_0413","H11",TRUE,FALSE,FALSE,FALSE
"pathway_0414","H01",FALSE,FALSE,FALSE,FALSE
"pathway_0415","H01",FALSE,FALSE,FALSE,FALSE
"pathway_0416","H00",FALSE,FALSE,FALSE,FALSE
"pathway_0417","H11",TRUE,TRUE,TRUE,TRUE
"pathway_0418","H00",FALSE,FALSE,FALSE,FALSE
"pathway_0419","H00",FALSE,FALSE,FALSE,FALSE
"pathway_0420","H00",FALSE,FALSE,FALSE,FALSE
"pathway_0421","H11",TRUE,TRUE,TRUE,TRUE
"pathway_0422","H10",FALSE,FALSE,FALSE,FALSE
"pathway_0423","H10",FALSE,FALSE,FALSE,FALSE
"pathway_0424","H10",FALSE,FALSE,FALSE,FALSE
"pathway_0425","H11",TRUE,TRUE,TRUE,TRUE
"pathway_0426","H10",FALSE,FALSE,FALSE,FALSE
"pathway_0427","H01",FALSE,FALSE,FALSE,FALSE
"pathway_0428","H00",FALSE,FALSE,FALSE,FALSE
"pathway_0429","H11",TRUE,TRUE,TRUE,TRUE
"pathway_0430","H01",FALSE,FALSE,FALSE,FALSE
"pathway_0431","H01",FALSE,FALSE,FALSE,FALSE
"pathway_0432","H01",FALSE,FALSE,FALSE,FALSE
"pathway_0433","H00",FALSE,FALSE,FALSE,FALSE
"pathway_0434","H10",FALSE,FALSE,FALSE,FALSE
"pathway_0435","H00",FALSE,FALSE,FALSE,FALSE
"pathway_0436","H00",FALSE,FALSE,FALSE,FALSE
"pathway_0437","H01",FALSE,FALSE,FALSE,FALSE
"pathway_0438","H00",FALSE,FALSE,FALSE,FALSE
"pathway_0439","H11",TRUE,TRUE,TRUE,TRUE
"pathway_0440","H00",FALSE,FALSE,FALSE,FALSE
"pathway_0441","H00",FALSE,FALSE,FALSE,FALSE
"pathway_0442","H01",FALSE,FALSE,FALSE,FALSE
"pathway_0443","H00",FALSE,FALSE,FALSE,FALSE
"pathway_0444","H00",FALSE,FALSE,FALSE,FALSE
"pathway_0445","H01",FALSE,FALSE,FALSE,FALSE
"pathway_0446","H01",FALSE,FALSE,FALSE,FALSE
"pathway_0447","H01",FALSE,FALSE,FALSE,FALSE
"pathway_0448","H11",TRUE,FALSE,FALSE,TRUE
"pathway_0449","H01",FALSE,FALSE,FALSE,FALSE
"pathway_0450","H01",FALSE,FALSE,FALSE,FALSE
"pathway_0451","H11",TRUE,FALSE,TRUE,TRUE
"pathway_0452","H11",TRUE,FALSE,TRUE,TRUE
"pathway_0453","H11",TRUE,TRUE,TRUE,TRUE
"pathway_0454","H00",FALSE,FALSE,FALSE,FALSE
"pathway_0455","H10",FALSE,FALSE,FALSE,FALSE
"pathway_0456","H00",FALSE,FALSE,FALSE,FALSE
"pathway_0457","H01",FALSE,FALSE,FALSE,FALSE
"pathway_0458","H00",FALSE,FALSE,FALSE,FALSE
"pathway_0459","H10",FALSE,TRUE,TRUE,FALSE
"pathway_0460","H01",FALSE,FALSE,FALSE,FALSE
"pathway_0461","H00",FALSE,FALSE,FALSE,FALSE
"pathway_0462","H11",TRUE,TRUE,TRUE,TRUE
"pathway_0463","H11",TRUE,TRUE,TRUE,TRUE
"pathway_0464","H00",FALSE,FALSE,FALSE,FALSE
"pathway_0465","H00",FALSE,FALSE,FALSE,FALSE
"pathway_0466","H01",FALSE,FALSE,FALSE,FALSE
"pathway_0467","H00",FALSE,FALSE,FALSE,FALSE
"pathway_0468","H01",FALSE,FALSE,FALSE,FALSE
"pathway_0469","H11",TRUE,TRUE,TRUE,TRUE
"pathway_0470","H01",FALSE,FALSE,FALSE,FALSE
"pathway_0471","H00",FALSE,FALSE,FALSE,FALSE
"pathway_0472","H01",FALSE,FALSE,FALSE,FALSE
"pathway_0473","H11",TRUE,FALSE,FALSE,TRUE
"pathway_0474","H00",FALSE,FALSE,FALSE,FALSE
"pathway_0475","H01",FALSE,FALSE,FALSE,FALSE
"pathway_0476","H11",TRUE,TRUE,TRUE,TRUE
"pathway_0477","H00",FALSE,FALSE,FALSE,FALSE
"pathway_0478","H11",TRUE,TRUE,TRUE,TRUE
"pathway_0479","H10",FALSE,FALSE,FALSE,FALSE
"pathway_0480","H00",FALSE,FALSE,FALSE,FALSE
"pathway_0481","H10",FALSE,FALSE,FALSE,FALSE
"pathway_0482","H00",FALSE,FALSE,FALSE,FALSE
"pathway_0483","H01",FALSE,FALSE,FALSE,FALSE
"pathway_0484","H11",TRUE,TRUE,TRUE,TRUE
"pathway_0485","H01",FALSE,FALSE,FALSE,FALSE
"pathway_0486","H00",FALSE,FALSE,FALSE,FALSE
"pathway_0487","H01",FALSE,FALSE,FALSE,FALSE
"pathway_0488","H11",TRUE,FALSE,TRUE,TRUE
"pathway_0489","H01",FALSE,FALSE,FALSE,FALSE
"pathway_0490","H00",FALSE,FALSE,FALSE,FALSE
"pathway_0491","H00",FALSE,FALSE,FALSE,FALSE
"pathway_0492","H00",FALSE,FALSE,FALSE,FALSE
"pathway_0493","H00",FALSE,FALSE,FALSE,FALSE
"pathway_0494","H10",FALSE,FALSE,FALSE,FALSE
"pathway_0495","H10",FALSE,FALSE,FALSE,FALSE
"pathway_0496","H01",FALSE,FALSE,FALSE,FALSE
"pathway_0497","H00",FALSE,FALSE,FALSE,FALSE
"pathway_0498","H10",FALSE,FALSE,FALSE,FALSE
"pathway_0499","H11",TRUE,TRUE,TRUE,TRUE
"pathway_0500","H11",TRUE,TRUE,TRUE,TRUE
"pathway_0501","H01",FALSE,FALSE,FALSE,FALSE
"pathway_0502","H01",FALSE,FALSE,FALSE,FALSE
"pathway_0503","H11",TRUE,TRUE,TRUE,TRUE
"pathway_0504","H10",FALSE,FALSE,FALSE,FALSE
"pathway_0505","H10",FALSE,FALSE,FALSE,FALSE
"pathway_0506","H00",FALSE,FALSE,FALSE,FALSE
"pathway_0507","H00",FALSE,FALSE,FALSE,FALSE
"pathway_0508","H00",FALSE,FALSE,FALSE,FALSE
"pathway_0509","H00",FALSE,FALSE,FALSE,FALSE
"pathway_0510","H11",TRUE,TRUE,TRUE,TRUE
"pathway_0511","H00",FALSE,FALSE,FALSE,FALSE
"pathway_0512","H10",FALSE,FALSE,FALSE,FALSE
"pathway_0513","H01",FALSE,FALSE,FALSE,FALSE
"pathway_0514","H01",FALSE,FALSE,FALSE,FALSE
"pathway_0515","H00",FALSE,FALSE,FALSE,FALSE
"pathway_0516","H10",FALSE,FALSE,FALSE,FALSE
"pathway_0517","H10",FALSE,FALSE,FALSE,FALSE
"pathway_0518","H00",FALSE,FALSE,FALSE,FALSE
"pathway_0519","H10",FALSE,FALSE,FALSE,FALSE
"pathway_0520","H00",FALSE,FALSE,FALSE,FALSE
"pathway_0521","H00",FALSE,FALSE,FALSE,FALSE
"pathway_0522","H01",FALSE,FALSE,FALSE,FALSE
"pathway_0523","H01",FALSE,FALSE,FALSE,FALSE
"pathway_0524","H00",FALSE,FALSE,FALSE,FALSE
"pathway_0525","H01",FALSE,FALSE,FALSE,FALSE
"pathway_0526","H11",TRUE,TRUE,TRUE,TRUE
"pathway_0527","H00",FALSE,FALSE,FALSE,FALSE
"pathway_0528","H01",FALSE,FALSE,FALSE,FALSE
"pathway_0529","H10",FALSE,FALSE,FALSE,FALSE
"pathway_0530","H00",FALSE,FALSE,FALSE,FALSE
"pathway_0531","H11",TRUE,TRUE,TRUE,TRUE
"pathway_0532","H01",FALSE,FALSE,FALSE,FALSE
"pathway_0533","H01",FALSE,FALSE,FALSE,FALSE
"pathway_0534","H00",FALSE,FALSE,FALSE,FALSE
"pathway_0535","H10",FALSE,FALSE,FALSE,FALSE
"pathway_0536","H00",FALSE,FALSE,FALSE,FALSE
"pathway_0537","H11",TRUE,TRUE,TRUE,TRUE
"pathway_0538","H00",FALSE,FALSE,FALSE,FALSE
"pathway_0539","H00",FALSE,FALSE,FALSE,FALSE
"pathway_0540","H01",FALSE,FALSE,FALSE,FALSE
"pathway_0541","H00",FALSE,FALSE,FALSE,FALSE
"pathway_0542","H00",FALSE,FALSE,FALSE,FALSE
"pathway_0543","H11",TRUE,FALSE,FALSE,TRUE
"pathway_0544","H11",TRUE,TRUE,TRUE,TRUE
"pathway_0545","H00",FALSE,FALSE,FALSE,FALSE
"pathway_0546","H00",FALSE,FALSE,FALSE,FALSE
"pathway_0547","H00",FALSE,FALSE,FALSE,FALSE
"pathway_0548","H10",FALSE,FALSE,FALSE,FALSE
"pathway_0549","H00",FALSE,FALSE,FALSE,FALSE
"pathway_0550","H11",TRUE,TRUE,TRUE,TRUE
"pathway_0551","H00",FALSE,FALSE,FALSE,FALSE
"pathway_0552","H00",FALSE,FALSE,FALSE,FALSE
"pathway_0553","H01",FALSE,FALSE,FALSE,FALSE
"pathway_0554","H10",FALSE,FALSE,FALSE,FALSE
"pathway_0555","H00",FALSE,FALSE,FALSE,FALSE
"pathway_0556","H00",FALSE,FALSE,FALSE,FALSE
"pathway_0557","H00",FALSE,FALSE,FALSE,FALSE
"pathway_0558","H00",FALSE,FALSE,FALSE,FALSE
"pathway_0559","H01",FALSE,FALSE,FALSE,FALSE
"pathway_0560","H00",FALSE,FALSE,FALSE,FALSE
"pathway_0561","H00",FALSE,FALSE,FALSE,FALSE
"pathway_0562","H00",FALSE,FALSE,FALSE,FALSE
"pathway_0563","H11",TRUE,TRUE,TRUE,TRUE
"pathway_0564","H00",FALSE,FALSE,FALSE,FALSE
"pathway_0565","H00",FALSE,FALSE,FALSE,FALSE
"pathway_0566","H01",FALSE,FALSE,FALSE,FALSE
"pathway_0567","H10",FALSE,FALSE,FALSE,FALSE
"pathway_0568","H11",TRUE,TRUE,TRUE,TRUE
"pathway_0569","H10",FALSE,FALSE,FALSE,FALSE
"pathway_0570","H00",FALSE,FALSE,FALSE,FALSE
"pathway_0571","H00",FALSE,FALSE,FALSE,FALSE
"pathway_0572","H01",FALSE,FALSE,FALSE,FALSE
"pathway_0573","H11",TRUE,TRUE,TRUE,TRUE
"pathway_0574","H01",FALSE,FALSE,FALSE,FALSE
"pathway_0575","H01",FALSE,FALSE,FALSE,FALSE
"pathway_0576","H01",FALSE,FALSE,FALSE,FALSE
"pathway_0577","H11",TRUE,TRUE,TRUE,TRUE
"pathway_0578","H11",TRUE,FALSE,FALSE,TRUE
"pathway_0579","H00",FALSE,FALSE,FALSE,FALSE
"pathway_0580","H11",TRUE,TRUE,TRUE,TRUE
"pathway_0581","H10",FALSE,FALSE,FALSE,FALSE
"pathway_0582","H00",FALSE,FALSE,FALSE,FALSE
"pathway_0583","H00",FALSE,FALSE,FALSE,FALSE
"pathway_0584","H11",TRUE,TRUE,TRUE,TRUE
"pathway_0585","H11",TRUE,TRUE,TRUE,TRUE
"pathway_0586","H00",FALSE,FALSE,FALSE,FALSE
"pathway_0587","H00",FALSE,FALSE,FALSE,FALSE
"pathway_0588","H01",FALSE,FALSE,FALSE,FALSE
"pathway_0589","H10",FALSE,FALSE,FALSE,FALSE
"pathway_0590","H00",FALSE,FALSE,FALSE,FALSE
"pathway_0591","H00",FALSE,FALSE,FALSE,FALSE
"pathway_0592","H00",FALSE,FALSE,FALSE,FALSE
"pathway_0593","H01",FALSE,FALSE,FALSE,FALSE
"pathway_0594","H00",FALSE,FALSE,FALSE,FALSE
"pathway_0595","H01",FALSE,FALSE,FALSE,FALSE
"pathway_0596","H00",FALSE,FALSE,FALSE,FALSE
"pathway_0597","H00",FALSE,FALSE,FALSE,FALSE
"pathway_0598","H00",FALSE,FALSE,FALSE,FALSE
"pathway_0599","H11",TRUE,FALSE,TRUE,TRUE
"pathway_0600","H00",FALSE,FALSE,FALSE,FALSE
"pathway_0601","H00",FALSE,FALSE,FALSE,FALSE
"pathway_0602","H10",FALSE,FALSE,FALSE,FALSE
"pathway_0603","H01",FALSE,FALSE,FALSE,FALSE
"pathway_0604","H10",FALSE,FALSE,FALSE,FALSE
"pathway_0605","H00",FALSE,FALSE,FALSE,FALSE
"pathway_0606","H01",FALSE,FALSE,FALSE,FALSE
"pathway_0607","H11",TRUE,TRUE,TRUE,TRUE
"pathway_0608","H00",FALSE,FALSE,FALSE,FALSE
"pathway_0609","H01",FALSE,FALSE,FALSE,FALSE
"pathway_0610","H00",FALSE,FALSE,FALSE,FALSE
"pathway_0611","H01",FALSE,FALSE,FALSE,FALSE
"pathway_0612","H00",FALSE,FALSE,FALSE,FALSE
"pathway_0613","H00",FALSE,FALSE,FALSE,FALSE
"pathway_0614","H00",FALSE,FALSE,FALSE,FALSE
"pathway_0615","H00",FALSE,FALSE,FALSE,FALSE
"pathway_0616","H00",FALSE,FALSE,FALSE,FALSE
"pathway_0617","H01",FALSE,FALSE,FALSE,FALSE
"pathway_0618","H10",FALSE,FALSE,FALSE,FALSE
"pathway_0619","H00",FALSE,FALSE,FALSE,FALSE
"pathway_0620","H01",FALSE,FALSE,FALSE,FALSE
"pathway_0621","H00",FALSE,FALSE,FALSE,FALSE
"pathway_0622","H00",FALSE,FALSE,FALSE,FALSE
"pathway_0623","H00",FALSE,FALSE,FALSE,FALSE
"pathway_0624","H10",FALSE,FALSE,FALSE,FALSE
"pathway_0625","H00",FALSE,FALSE,FALSE,FALSE
"pathway_0626","H01",FALSE,FALSE,FALSE,FALSE
"pathway_0627","H00",FALSE,FALSE,FALSE,FALSE
"pathway_0628","H00",FALSE,FALSE,FALSE,FALSE
"pathway_0629","H00",FALSE,FALSE,FALSE,FALSE
"pathway_0630","H00",FALSE,FALSE,FALSE,FALSE
"pathway_0631","H10",FALSE,FALSE,FALSE,FALSE
"pathway_0632","H00",FALSE,FALSE,FALSE,FALSE
"pathway_0633","H11",TRUE,TRUE,TRUE,TRUE
"pathway_0634","H01",FALSE,FALSE,FALSE,FALSE
"pathway_0635","H10",FALSE,FALSE,FALSE,FALSE
"pathway_0636","H01",FALSE,FALSE,FALSE,FALSE
"pathway_0637","H10",FALSE,FALSE,FALSE,FALSE
"pathway_0638","H10",FALSE,FALSE,FALSE,FALSE
"pathway_0639","H01",FALSE,FALSE,FALSE,FALSE
"pathway_0640","H00",FALSE,FALSE,FALSE,FALSE
"pathway_0641","H01",FALSE,FALSE,FALSE,FALSE
"pathway_0642","H11",TRUE,TRUE,TRUE,TRUE
"pathway_0643","H11",TRUE,TRUE,TRUE,TRUE
"pathway_0644","H00",FALSE,FALSE,FALSE,FALSE
"pathway_0645","H00",FALSE,FALSE,FALSE,FALSE
"pathway_0646","H10",FALSE,FALSE,FALSE,FALSE
"pathway_0647","H00",FALSE,FALSE,FALSE,FALSE
"pathway_0648","H11",TRUE,TRUE,TRUE,TRUE
"pathway_0649","H11",TRUE,TRUE,TRUE,TRUE
"pathway_0650","H10",FALSE,FALSE,FALSE,FALSE
"pathway_0651","H11",TRUE,TRUE,TRUE,TRUE
"pathway_0652","H00",FALSE,FALSE,FALSE,FALSE
"pathway_0653","H10",FALSE,FALSE,FALSE,FALSE
"pathway_0654","H01",FALSE,FALSE,FALSE,FALSE
"pathway_0655","H01",FALSE,FALSE,FALSE,FALSE
"pathway_0656","H10",FALSE,FALSE,FALSE,FALSE
"pathway_0657","H01",FALSE,FALSE,FALSE,FALSE
"pathway_0658","H00",FALSE,FALSE,FALSE,FALSE
"pathway_0659","H01",FALSE,FALSE,FALSE,FALSE
"pathway_0660","H11",TRUE,TRUE,TRUE,TRUE
"pathway_0661","H11",TRUE,TRUE,TRUE,TRUE
"pathway_0662","H01",FALSE,FALSE,FALSE,FALSE
"pathway_0663","H00",FALSE,FALSE,FALSE,FALSE
"pathway_0664","H11",TRUE,TRUE,TRUE,TRUE
"pathway_0665","H11",TRUE,TRUE,TRUE,TRUE
"pathway_0666","H10",FALSE,FALSE,FALSE,FALSE
"pathway_0667","H10",FALSE,FALSE,FALSE,FALSE
"pathway_0668","H01",FALSE,FALSE,FALSE,FALSE
"pathway_0669","H00",FALSE,FALSE,FALSE,FALSE
"pathway_0670","H01",FALSE,FALSE,FALSE,FALSE
"pathway_0671","H10",FALSE,FALSE,FALSE,FALSE
"pathway_0672","H01",FALSE,FALSE,FALSE,TRUE
"pathway_0673","H00",FALSE,FALSE,FALSE,FALSE
"pathway_0674","H00",FALSE,FALSE,FALSE,FALSE
"pathway_0675","H10",FALSE,FALSE,FALSE,FALSE
"pathway_0676","H00",FALSE,FALSE,FALSE,FALSE
"pathway_0677","H00",FALSE,FALSE,FALSE,FALSE
"pathway_0678","H00",FALSE,FALSE,FALSE,FALSE
"pathway_0679","H10",FALSE,FALSE,FALSE,FALSE
"pathway_0680","H10",FALSE,FALSE,FALSE,FALSE
"pathway_0681","H01",FALSE,FALSE,FALSE,FALSE
"pathway_0682","H11",TRUE,TRUE,TRUE,TRUE
"pathway_0683","H01",FALSE,FALSE,FALSE,FALSE
"pathway_0684","H00",FALSE,FALSE,FALSE,FALSE
"pathway_0685","H00",FALSE,FALSE,FALSE,FALSE
"pathway_0686","H00",FALSE,FALSE,FALSE,FALSE
"pathway_0687","H00",FALSE,FALSE,FALSE,FALSE
"pathway_0688","H01",FALSE,FALSE,FALSE,FALSE
"pathway_0689","H11",TRUE,FALSE,FALSE,TRUE
"pathway_0690","H11",TRUE,TRUE,TRUE,TRUE
"pathway_0691","H10",FALSE,FALSE,FALSE,FALSE
"pathway_0692","H01",FALSE,FALSE,FALSE,FALSE
"pathway_0693","H11",TRUE,TRUE,TRUE,TRUE
"pathway_0694","H00",FALSE,FALSE,FALSE,FALSE
"pathway_0695","H01",FALSE,FALSE,FALSE,FALSE
"pathway_0696","H01",FALSE,FALSE,FALSE,FALSE
"pathway_0697","H00",FALSE,FALSE,FALSE,FALSE
"pathway_0698","H00",FALSE,FALSE,FALSE,FALSE
"pathway_0699","H00",FALSE,FALSE,FALSE,FALSE
"pathway_0700","H00",FALSE,FALSE,FALSE,FALSE
"pathway_0701","H00",FALSE,FALSE,FALSE,FALSE
"pathway_0702","H00",FALSE,FALSE,FALSE,FALSE
"pathway_0703","H11",TRUE,TRUE,TRUE,TRUE
"pathway_0704","H00",FALSE,FALSE,FALSE,FALSE
"pathway_0705","H01",FALSE,FALSE,FALSE,TRUE
"pathway_0706","H00",FALSE,FALSE,FALSE,FALSE
"pathway_0707","H00",FALSE,FALSE,FALSE,FALSE
"pathway_0708","H11",TRUE,TRUE,TRUE,TRUE
"pathway_0709","H00",FALSE,FALSE,FALSE,FALSE
"pathway_0710","H00",FALSE,FALSE,FALSE,FALSE
"pathway_0711","H10",FALSE,FALSE,FALSE,FALSE
"pathway_0712","H11",TRUE,TRUE,TRUE,TRUE
"pathway_0713","H00",FALSE,FALSE,FALSE,FALSE
"pathway_0714","H01",FALSE,FALSE,FALSE,FALSE
"pathway_0715","H10",FALSE,FALSE,FALSE,FALSE
"pathway_0716","H00",FALSE,FALSE,FALSE,FALSE
"pathway_0717","H00",FALSE,FALSE,FALSE,FALSE
"pathway_0718","H01",FALSE,FALSE,FALSE,FALSE
"pathway_0719","H10",FALSE,FALSE,FALSE,FALSE
"pathway_0720","H00",FALSE,FALSE,FALSE,FALSE
"pathway_0721","H10",FALSE,FALSE,FALSE,FALSE
"pathway_0722","H11",TRUE,TRUE,TRUE,TRUE
"pathway_0723","H10",FALSE,FALSE,FALSE,FALSE
"pathway_0724","H01",FALSE,FALSE,FALSE,FALSE
"pathway_0725","H00",FALSE,FALSE,FALSE,FALSE
"pathway_0726","H01",FALSE,FALSE,FALSE,TRUE
"pathway_0727","H01",FALSE,FALSE,FALSE,FALSE
"pathway_0728","H11",TRUE,TRUE,TRUE,TRUE
"pathway_0729","H11",TRUE,TRUE,TRUE,TRUE
"pathway_0730","H00",FALSE,FALSE,FALSE,FALSE
"pathway_0731","H10",FALSE,FALSE,FALSE,FALSE
"pathway_0732","H00",FALSE,FALSE,FALSE,FALSE
"pathway_0733","H01",FALSE,FALSE,FALSE,FALSE
"pathway_0734","H00",FALSE,FALSE,FALSE,FALSE
"pathway_0735","H10",FALSE,FALSE,FALSE,FALSE
"pathway_0736","H00",FALSE,FALSE,FALSE,FALSE
"pathway_0737","H00",FALSE,FALSE,FALSE,FALSE
"pathway_0738","H01",FALSE,FALSE,FALSE,FALSE
"pathway_0739","H00",FALSE,FALSE,FALSE,FALSE
"pathway_0740","H10",FALSE,FALSE,FALSE,FALSE
"pathway_0741","H00",FALSE,FALSE,FALSE,FALSE
"pathway_0742","H00",FALSE,FALSE,FALSE,FALSE
"pathway_0743","H00",FALSE,FALSE,FALSE,FALSE
"pathway_0744","H10",FALSE,FALSE,FALSE,FALSE
"pathway_0745","H00",FALSE,FALSE,FALSE,FALSE
"pathway_0746","H10",FALSE,FALSE,FALSE,FALSE
"pathway_0747","H01",FALSE,FALSE,FALSE,FALSE
"pathway_0748","H01",FALSE,FALSE,FALSE,FALSE
"pathway_0749","H10",FALSE,FALSE,FALSE,FALSE
"pathway_0750","H11",TRUE,TRUE,TRUE,TRUE
"pathway_0751","H00",FALSE,FALSE,FALSE,FALSE
"pathway_0752","H01",FALSE,FALSE,FALSE,FALSE
"pathway_0753","H10",FALSE,FALSE,FALSE,FALSE
"pathway_0754","H11",TRUE,TRUE,TRUE,TRUE
"pathway_0755","H10",FALSE,FALSE,FALSE,FALSE
"pathway_0756","H10",FALSE,FALSE,FALSE,FALSE
"pathway_0757","H00",FALSE,FALSE,FALSE,FALSE
"pathway_0758","H00",FALSE,FALSE,FALSE,FALSE
"pathway_0759","H10",FALSE,FALSE,FALSE,FALSE
"pathway_0760","H00",FALSE,FALSE,FALSE,FALSE
"pathway_0761","H00",FALSE,FALSE,FALSE,FALSE
"pathway_0762","H00",FALSE,FALSE,FALSE,FALSE
"pathway_0763","H00",FALSE,FALSE,FALSE,FALSE
"pathway_0764","H11",TRUE,FALSE,FALSE,FALSE
"pathway_0765","H00",FALSE,FALSE,FALSE,FALSE
"pathway_0766","H10",FALSE,FALSE,FALSE,FALSE
"pathway_0767","H01",FALSE,FALSE,FALSE,FALSE
"pathway_0768","H11",TRUE,TRUE,TRUE,TRUE
"pathway_0769","H11",TRUE,TRUE,TRUE,TRUE
"pathway_0770","H00",FALSE,FALSE,FALSE,FALSE
"pathway_0771","H00",FALSE,FALSE,FALSE,FALSE
"pathway_0772","H11",TRUE,TRUE,TRUE,TRUE
"pathway_0773","H10",FALSE,FALSE,FALSE,FALSE
"pathway_0774","H11",TRUE,TRUE,TRUE,TRUE
"pathway_0775","H10",FALSE,FALSE,FALSE,FALSE
"pathway_0776","H01",FALSE,FALSE,FALSE,FALSE
"pathway_0777","H01",FALSE,FALSE,FALSE,FALSE
"pathway_0778","H10",FALSE,FALSE,FALSE,FALSE
"pathway_0779","H01",FALSE,FALSE,FALSE,FALSE
"pathway_0780","H11",TRUE,TRUE,TRUE,TRUE
"pathway_0781","H11",TRUE,TRUE,TRUE,TRUE
"pathway_0782","H10",FALSE,FALSE,FALSE,FALSE
"pathway_0783","H11",TRUE,TRUE,TRUE,TRUE
"pathway_0784","H01",FALSE,FALSE,FALSE,FALSE
"pathway_0785","H01",FALSE,FALSE,FALSE,FALSE
"pathway_0786","H11",TRUE,TRUE,TRUE,TRUE
"pathway_0787","H00",FALSE,FALSE,FALSE,FALSE
"pathway_0788","H00",FALSE,FALSE,FALSE,FALSE
"pathway_0789","H11",TRUE,TRUE,TRUE,TRUE
"pathway_0790","H00",FALSE,FALSE,FALSE,FALSE
"pathway_0791","H00",FALSE,FALSE,FALSE,FALSE
"pathway_0792","H00",FALSE,FALSE,FALSE,FALSE
"pathway_0793","H00",FALSE,FALSE,FALSE,FALSE
"pathway_0794","H00",FALSE,FALSE,FALSE,FALSE
"pathway_0795","H11",TRUE,TRUE,TRUE,TRUE
"pathway_0796","H11",TRUE,TRUE,TRUE,TRUE
"pathway_0797","H01",FALSE,FALSE,FALSE,FALSE
"pathway_0798","H01",FALSE,FALSE,FALSE,FALSE
"pathway_0799","H11",TRUE,TRUE,TRUE,TRUE
"pathway_0800","H10",FALSE,FALSE,FALSE,FALSE
"pathway_0801","H10",FALSE,FALSE,FALSE,FALSE
"pathway_0802","H11",TRUE,FALSE,FALSE,TRUE
"pathway_0803","H11",TRUE,TRUE,TRUE,TRUE
"pathway_0804","H10",FALSE,FALSE,FALSE,FALSE
"pathway_0805","H10",FALSE,FALSE,FALSE,FALSE
"pathway_0806","H00",FALSE,FALSE,FALSE,FALSE
"pathway_0807","H00",FALSE,FALSE,FALSE,FALSE
"pathway_0808","H00",FALSE,FALSE,FALSE,FALSE
"pathway_0809","H10",FALSE,FALSE,FALSE,FALSE
"pathway_0810","H00",FALSE,FALSE,FALSE,FALSE
"pathway_0811","H10",FALSE,FALSE,FALSE,FALSE
"pathway_0812","H01",FALSE,FALSE,FALSE,TRUE
"pathway_0813","H01",FALSE,FALSE,FALSE,FALSE
"pathway_0814","H10",FALSE,FALSE,FALSE,FALSE
"pathway_0815","H00",FALSE,FALSE,FALSE,FALSE
"pathway_0816","H01",FALSE,FALSE,FALSE,FALSE
"pathway_0817","H10",FALSE,FALSE,FALSE,FALSE
"pathway_0818","H00",FALSE,FALSE,FALSE,FALSE
"pathway_0819","H00",FALSE,FALSE,FALSE,FALSE
"pathway_0820","H00",FALSE,FALSE,FALSE,FALSE
"pathway_0821","H00",FALSE,FALSE,FALSE,FALSE
"pathway_0822","H11",TRUE,TRUE,TRUE,TRUE
"pathway_0823","H00",FALSE,FALSE,FALSE,FALSE
"pathway_0824","H11",TRUE,TRUE,TRUE,TRUE
"pathway_0825","H11",TRUE,TRUE,TRUE,TRUE
"pathway_0826","H00",FALSE,FALSE,FALSE,FALSE
"pathway_0827","H11",TRUE,TRUE,TRUE,TRUE
"pathway_0828","H01",FALSE,FALSE,FALSE,FALSE
"pathway_0829","H11",TRUE,TRUE,TRUE,TRUE
"pathway_0830","H11",TRUE,TRUE,TRUE,TRUE
"pathway_0831","H00",FALSE,FALSE,FALSE,FALSE
"pathway_0832","H10",FALSE,FALSE,FALSE,FALSE
"pathway_0833","H11",TRUE,TRUE,TRUE,TRUE
"pathway_0834","H00",FALSE,FALSE,FALSE,FALSE
"pathway_0835","H10",FALSE,FALSE,FALSE,FALSE
"pathway_0836","H00",FALSE,FALSE,FALSE,FALSE
"pathway_0837","H00",FALSE,FALSE,FALSE,FALSE
"pathway_0838","H00",FALSE,FALSE,FALSE,FALSE
"pathway_0839","H00",FALSE,FALSE,FALSE,FALSE
"pathway_0840","H00",FALSE,FALSE,FALSE,FALSE
"pathway_0841","H11",TRUE,TRUE,TRUE,TRUE
"pathway_0842","H00",FALSE,FALSE,FALSE,FALSE
"pathway_0843","H00",FALSE,FALSE,FALSE,FALSE
"pathway_0844","H11",TRUE,TRUE,TRUE,TRUE
"pathway_0845","H00",FALSE,FALSE,FALSE,FALSE
"pathway_0846","H10",FALSE,FALSE,FALSE,FALSE
"pathway_0847","H10",FALSE,FALSE,FALSE,FALSE
"pathway_0848","H11",TRUE,TRUE,TRUE,TRUE
"pathway_0849","H00",FALSE,FALSE,FALSE,FALSE
"pathway_0850","H01",FALSE,FALSE,FALSE,FALSE
"pathway_0851","H10",FALSE,FALSE,FALSE,FALSE
"pathway_0852","H01",FALSE,FALSE,FALSE,FALSE
"pathway_0853","H10",FALSE,FALSE,FALSE,FALSE
"pathway_0854","H10",FALSE,FALSE,FALSE,FALSE
"pathway_0855","H00",FALSE,FALSE,FALSE,FALSE
"pathway_0856","H00",FALSE,FALSE,FALSE,FALSE
"pathway_0857","H10",FALSE,FALSE,FALSE,FALSE
"pathway_0858","H10",FALSE,FALSE,FALSE,FALSE
"pathway_0859","H00",FALSE,FALSE,FALSE,FALSE
"pathway_0860","H01",FALSE,FALSE,FALSE,TRUE
"pathway_0861","H00",FALSE,FALSE,FALSE,FALSE
"pathway_0862","H00",FALSE,FALSE,FALSE,FALSE
"pathway_0863","H01",FALSE,FALSE,FALSE,FALSE
"pathway_0864","H00",FALSE,FALSE,FALSE,FALSE
"pathway_0865","H01",FALSE,FALSE,FALSE,FALSE
"pathway_0866","H10",FALSE,FALSE,FALSE,FALSE
"pathway_0867","H10",FALSE,FALSE,FALSE,FALSE
"pathway_0868","H00",FALSE,FALSE,FALSE,FALSE
"pathway_0869","H10",FALSE,FALSE,FALSE,FALSE
"pathway_0870","H00",FALSE,FALSE,FALSE,FALSE
"pathway_0871","H10",FALSE,FALSE,FALSE,FALSE
"pathway_0872","H00",FALSE,FALSE,FALSE,FALSE
"pathway_0873","H00",FALSE,FALSE,FALSE,FALSE
"pathway_0874","H00",FALSE,FALSE,FALSE,FALSE
"pathway_0875","H11",TRUE,TRUE,TRUE,TRUE
"pathway_0876","H00",FALSE,FALSE,FALSE,FALSE
"pathway_0877","H00",FALSE,FALSE,FALSE,FALSE
"pathway_0878","H01",FALSE,FALSE,FALSE,FALSE
"pathway_0879","H00",FALSE,FALSE,FALSE,FALSE
"pathway_0880","H01",FALSE,FALSE,FALSE,FALSE
"pathway_0881","H00",FALSE,FALSE,FALSE,FALSE
"pathway_0882","H00",FALSE,FALSE,FALSE,FALSE
"pathway_0883","H01",FALSE,FALSE,FALSE,FALSE
"pathway_0884","H10",FALSE,FALSE,FALSE,FALSE
"pathway_0885","H00",FALSE,FALSE,FALSE,FALSE
"pathway_0886","H00",FALSE,FALSE,FALSE,FALSE
"pathway_0887","H00",FALSE,FALSE,FALSE,FALSE
"pathway_0888","H00",FALSE,FALSE,FALSE,FALSE
"pathway_0889","H01",FALSE,FALSE,FALSE,FALSE
"pathway_0890","H10",FALSE,FALSE,FALSE,FALSE
"pathway_0891","H10",FALSE,FALSE,FALSE,FALSE
"pathway_0892","H01",FALSE,FALSE,FALSE,FALSE
"pathway_0893","H01",FALSE,FALSE,FALSE,FALSE
"pathway_0894","H11",TRUE,TRUE,TRUE,TRUE
"pathway_0895","H01",FALSE,FALSE,FALSE,FALSE
"pathway_0896","H00",FALSE,FALSE,FALSE,FALSE
"pathway_0897","H10",FALSE,FALSE,FALSE,FALSE
"pathway_0898","H10",FALSE,FALSE,FALSE,FALSE
"pathway_0899","H00",FALSE,FALSE,FALSE,FALSE
"pathway_0900","H10",FALSE,FALSE,FALSE,FALSE
"pathway_0901","H11",TRUE,TRUE,TRUE,TRUE
"pathway_0902","H00",FALSE,FALSE,FALSE,FALSE
"pathway_0903","H11",TRUE,TRUE,TRUE,TRUE
"pathway_0904","H01",FALSE,FALSE,FALSE,TRUE
"pathway_0905","H11",TRUE,TRUE,TRUE,TRUE
"pathway_0906","H00",FALSE,FALSE,FALSE,FALSE
"pathway_0907","H11",TRUE,TRUE,TRUE,TRUE
"pathway_0908","H10",FALSE,FALSE,FALSE,FALSE
"pathway_0909","H01",FALSE,FALSE,FALSE,FALSE
"pathway_0910","H11",TRUE,TRUE,TRUE,TRUE
"pathway_0911","H01",FALSE,FALSE,FALSE,FALSE
"pathway_0912","H10",FALSE,FALSE,FALSE,FALSE
"pathway_0913","H11",TRUE,FALSE,FALSE,TRUE
"pathway_0914","H00",FALSE,FALSE,FALSE,FALSE
"pathway_0915","H01",FALSE,FALSE,FALSE,FALSE
"pathway_0916","H10",FALSE,FALSE,FALSE,FALSE
"pathway_0917","H00",FALSE,FALSE,FALSE,FALSE
"pathway_0918","H01",FALSE,FALSE,FALSE,FALSE
"pathway_0919","H11",TRUE,TRUE,TRUE,TRUE
"pathway_0920","H11",TRUE,FALSE,FALSE,TRUE
"pathway_0921","H00",FALSE,FALSE,FALSE,FALSE
"pathway_0922","H00",FALSE,FALSE,FALSE,FALSE
"pathway_0923","H00",FALSE,FALSE,FALSE,FALSE
"pathway_0924","H11",TRUE,TRUE,TRUE,TRUE
"pathway_0925","H10",FALSE,FALSE,FALSE,FALSE
"pathway_0926","H00",FALSE,FALSE,FALSE,FALSE
"pathway_0927","H11",TRUE,TRUE,TRUE,TRUE
"pathway_0928","H00",FALSE,FALSE,FALSE,FALSE
"pathway_0929","H00",FALSE,FALSE,FALSE,FALSE
"pathway_0930","H10",FALSE,FALSE,FALSE,FALSE
"pathway_0931","H01",FALSE,FALSE,FALSE,FALSE
"pathway_0932","H00",FALSE,FALSE,FALSE,FALSE
"pathway_0933","H00",FALSE,FALSE,FALSE,FALSE
"pathway_0934","H11",TRUE,TRUE,TRUE,TRUE
"pathway_0935","H10",FALSE,FALSE,FALSE,FALSE
"pathway_0936","H11",TRUE,TRUE,TRUE,TRUE
"pathway_0937","H10",FALSE,FALSE,FALSE,FALSE
"pathway_0938","H00",FALSE,FALSE,FALSE,FALSE
"pathway_0939","H11",TRUE,TRUE,TRUE,TRUE
"pathway_0940","H11",TRUE,TRUE,TRUE,TRUE
"pathway_0941","H00",FALSE,FALSE,FALSE,FALSE
"pathway_0942","H00",FALSE,FALSE,FALSE,FALSE
"pathway_0943","H11",TRUE,TRUE,TRUE,TRUE
"pathway_0944","H10",FALSE,FALSE,FALSE,FALSE
"pathway_0945","H10",FALSE,FALSE,FALSE,FALSE
"pathway_0946","H00",FALSE,FALSE,FALSE,FALSE
"pathway_0947","H10",FALSE,FALSE,FALSE,FALSE
"pathway_0948","H01",FALSE,FALSE,FALSE,FALSE
"pathway_0949","H01",FALSE,FALSE,FALSE,FALSE
"pathway_0950","H10",FALSE,FALSE,FALSE,FALSE
"pathway_0951","H00",FALSE,FALSE,FALSE,FALSE
"pathway_0952","H01",FALSE,FALSE,FALSE,FALSE
"pathway_0953","H00",FALSE,FALSE,FALSE,FALSE
"pathway_0954","H01",FALSE,FALSE,FALSE,FALSE
"pathway_0955","H01",FALSE,FALSE,FALSE,FALSE
"pathway_0956","H00",FALSE,FALSE,FALSE,FALSE
"pathway_0957","H00",FALSE,FALSE,FALSE,FALSE
"pathway_0958","H00",FALSE,FALSE,FALSE,FALSE
"pathway_0959","H10",FALSE,FALSE,FALSE,FALSE
"pathway_0960","H11",TRUE,TRUE,TRUE,TRUE
"pathway_0961","H00",FALSE,FALSE,FALSE,FALSE
"pathway_0962","H10",FALSE,FALSE,FALSE,FALSE
"pathway_0963","H01",FALSE,FALSE,FALSE,FALSE
"pathway_0964","H00",FALSE,FALSE,FALSE,FALSE
"pathway_0965","H00",FALSE,FALSE,FALSE,FALSE
"pathway_0966","H10",FALSE,FALSE,FALSE,FALSE
"pathway_0967","H00",FALSE,FALSE,FALSE,FALSE
"pathway_0968","H01",FALSE,FALSE,FALSE,FALSE
"pathway_0969","H00",FALSE,FALSE,FALSE,FALSE
"pathway_0970","H10",FALSE,FALSE,FALSE,FALSE
"pathway_0971","H11",TRUE,TRUE,TRUE,TRUE
"pathway_0972","H11",TRUE,TRUE,TRUE,TRUE
"pathway_0973","H11",TRUE,FALSE,TRUE,TRUE
"pathway_0974","H11",TRUE,TRUE,TRUE,TRUE
"pathway_0975","H00",FALSE,FALSE,FALSE,FALSE
"pathway_0976","H00",FALSE,FALSE,FALSE,FALSE
"pathway_0977","H00",FALSE,FALSE,FALSE,FALSE
"pathway_0978","H00",FALSE,FALSE,FALSE,FALSE
"pathway_0979","H10",FALSE,FALSE,FALSE,FALSE
"pathway_0980","H00",FALSE,FALSE,FALSE,FALSE
"pathway_0981","H00",FALSE,FALSE,FALSE,FALSE
"pathway_0982","H00",FALSE,FALSE,FALSE,FALSE
"pathway_0983","H00",FALSE,FALSE,FALSE,FALSE
"pathway_0984","H00",FALSE,FALSE,FALSE,FALSE
"pathway_0985","H00",FALSE,FALSE,FALSE,FALSE
"pathway_0986","H01",FALSE,FALSE,FALSE,FALSE
"pathway_0987","H10",FALSE,FALSE,FALSE,FALSE
"pathway_0988","H11",TRUE,TRUE,TRUE,TRUE
"pathway_0989","H10",FALSE,FALSE,FALSE,FALSE
"pathway_0990","H11",TRUE,TRUE,TRUE,TRUE
"pathway_0991","H11",TRUE,TRUE,TRUE,TRUE
"pathway_0992","H10",FALSE,FALSE,FALSE,FALSE
"pathway_0993","H10",FALSE,FALSE,FALSE,FALSE
"pathway_0994","H00",FALSE,FALSE,FALSE,FALSE
"pathway_0995","H10",FALSE,FALSE,FALSE,FALSE
"pathway_0996","H01",FALSE,FALSE,FALSE,FALSE
"pathway_0997","H11",TRUE,TRUE,TRUE,TRUE
"pathway_0998","H01",FALSE,FALSE,FALSE,FALSE
"pathway_0999","H11",TRUE,FALSE,FALSE,FALSE
"pathway_1000","H10",FALSE,FALSE,FALSE,FALSE
