"scenario","mixture","profile","n","m","tau","method","q","n_total","n_success","n_error","n_warning","FDR_n","FDR_mean","FDR_sd","FDR_mcse","FDR_lo","FDR_hi","power_n","power_mean","power_sd","power_mcse","power_lo","power_hi","discoveries_n","discoveries_mean","discoveries_sd","discoveries_mcse","discoveries_lo","discoveries_hi","elapsed_seconds_n","elapsed_seconds_mean","elapsed_seconds_sd","elapsed_seconds_mcse","elapsed_seconds_lo","elapsed_seconds_hi"
"binary","dense","teaching_fixed",300,1000,1.3,"ASHMED_Adaptive",0.05,5,5,0,0,5,0.0499984011867325,0.0100109682140719,0.00447704108945087,0.0375681423681572,0.0624286600053078,5,0.667,0.046984039843334,0.0210119013894507,0.608661609236361,0.725338390763639,5,140.4,9.44986772394196,4.22610932182309,128.666439459394,152.133560540606,5,4.526,2.82963425198382,1.26545090777952,1.01254502122746,8.03945497877254
"binary","dense","teaching_fixed",300,1000,1.5,"ASHMED_Adaptive",0.05,5,5,0,0,5,0.0582182410967368,0.0117227053793515,0.0052425532216865,0.0436625798656463,0.0727739023278272,5,0.82,0.0415331193145903,0.0185741756210067,0.768429821013972,0.871570178986028,5,174.2,10.0349389634417,4.48776113446337,161.739977564922,186.660022435078,5,2.2,3.33336916647406,1.49072801006756,-1.93892448673333,6.33892448673333
"binary","dense","teaching_fixed",300,1000,1.9,"ASHMED_Adaptive",0.05,5,5,0,0,5,0.0451644012336043,0.0106981166298282,0.00478434320310334,0.0318809349657617,0.0584478675014469,5,0.95,0.0237170824512628,0.0106066017177982,0.920551352577837,0.979448647422163,5,199,5.1478150704935,2.30217288664427,192.608143357557,205.391856642443,5,5.682,4.28808465401512,1.9176897559303,0.357639663859377,11.0063603361406
"binary","sparse","teaching_fixed",300,1000,1.3,"ASHMED_Adaptive",0.05,5,5,0,0,5,0.0737179487179487,0.0744114536297686,0.0332778137241472,0,0.166111971744041,5,0.44,0.204328167417025,0.0913783344124853,0.186293070699328,0.693706929300672,5,9.6,4.72228758124704,2.11187120819429,3.73650552120082,15.4634944787992,5,1.444,0.512913248025435,0.229381777829017,0.807134085725059,2.08086591427494
"binary","sparse","teaching_fixed",300,1000,1.5,"ASHMED_Adaptive",0.05,5,5,0,0,5,0.0666666666666667,0.108653373420044,0.0485912657903775,0,0.201577648725725,5,0.6,0.215058131676066,0.0961769203083567,0.332970060376865,0.867029939623135,5,12.6,3.57770876399966,1.6,8.15768783168353,17.0423121683165,5,0.991999999999998,0.329044069996709,0.147152981621168,0.583437824462645,1.40056217553735
"binary","sparse","teaching_fixed",300,1000,1.9,"ASHMED_Adaptive",0.05,5,5,0,0,5,0.0125,0.0279508497187474,0.0125,0,0.0472055638149724,5,0.83,0.0670820393249937,0.03,0.746706646844066,0.913293353155934,5,16.8,1.09544511501033,0.489897948556636,15.4398252386835,18.1601747613165,5,0.634,0.0976217188949259,0.043657759905886,0.512786626205402,0.755213373794597
"confounded","dense","teaching_fixed",300,1000,1.3,"ASHMED_Adaptive",0.05,5,5,0,0,5,0.0504525018545851,0.0170306676221339,0.00761634610105923,0.0293061350028069,0.0715988687063633,5,0.659,0.0420416460191558,0.0188015956769632,0.606798401712788,0.711201598287212,5,138.8,8.43800924389159,3.77359245282264,128.322827705349,149.277172294651,5,1.902,0.806145148220841,0.360519070230689,0.901038592127544,2.90296140787246
"confounded","dense","teaching_fixed",300,1000,1.5,"ASHMED_Adaptive",0.05,5,5,0,0,5,0.0459030557981083,0.0141300599983156,0.00631915493647683,0.0283582690057407,0.0634478425904758,5,0.806,0.0449165893629514,0.0200873094266007,0.750228688065921,0.861771311934079,5,169,10.0498756211209,4.49444101084885,156.521431254828,181.478568745172,5,0.685999999999999,0.0971081870904834,0.0434281015012177,0.565424260158911,0.806575739841088
"confounded","dense","teaching_fixed",300,1000,1.9,"ASHMED_Adaptive",0.05,5,5,0,0,5,0.0425481598947299,0.0101963080194624,0.00455992757020882,0.0298877713123672,0.0552085484770927,5,0.944,0.0129421791055447,0.0057879184513951,0.92793016214634,0.96006983785366,5,197.2,2.77488738510232,1.24096736459909,193.754522234849,200.645477765151,5,1.4,0.608070719571336,0.271937492817744,0.644980479146417,2.15501952085359
"confounded","sparse","teaching_fixed",300,1000,1.3,"ASHMED_Adaptive",0.05,5,5,0,0,5,0.0621378621378621,0.0618146752058467,0.0276443631534688,0,0.138890918901621,5,0.42,0.144048602908879,0.0644204936336256,0.241140035776495,0.598859964223506,5,9,3.16227766016838,1.4142135623731,5.07351367704489,12.9264863229551,5,1.852,0.931568569671606,0.416610129497592,0.69530484518059,3.00869515481941
"confounded","sparse","teaching_fixed",300,1000,1.5,"ASHMED_Adaptive",0.05,5,5,0,0,5,0.0478846153846154,0.0457130391973966,0.0204434926206983,0,0.1046448504045,5,0.74,0.119373363863133,0.0533853912601566,0.591778391746669,0.888221608253331,5,15.6,2.88097205817759,1.28840987267251,12.0228007155299,19.1771992844701,5,1.164,0.643140731100121,0.287621278767757,0.365435308414531,1.96256469158547
"confounded","sparse","teaching_fixed",300,1000,1.9,"ASHMED_Adaptive",0.05,5,5,0,0,5,0.0553383458646617,0.0365052886789302,0.0163256614048683,0.0100110431679986,0.100665648561325,5,0.85,0.111803398874989,0.05,0.71117774474011,0.98882225525989,5,18,2.34520787991171,1.04880884817015,15.0880398072098,20.9119601927902,5,0.87,0.315039680040467,0.140890028036054,0.478826571288119,1.26117342871188
"linear","dense","teaching_fixed",300,1000,1.3,"ASHMED_Adaptive",0.05,5,5,0,0,5,0.0597263847263847,0.0218224071637742,0.00975927717017548,0.0326302873969824,0.086822482055787,5,0.661,0.0279284800875379,0.0124899959967968,0.626322211750754,0.695677788249247,5,140.6,5.07937003968012,2.27156333832011,134.293129088174,146.906870911826,5,2.204,0.922729646212801,0.412657242757231,1.05827981822227,3.34972018177773
"linear","dense","teaching_fixed",300,1000,1.5,"ASHMED_Adaptive",0.05,5,5,0,0,5,0.0531016171860396,0.0145771178244484,0.0065190852742981,0.0350017347858476,0.0712014995862315,5,0.786,0.0543599116997075,0.0243104915622864,0.718503254696938,0.853496745303062,5,166,10.9087121146357,4.87852436706019,152.455044900488,179.544955099512,5,0.640000000000001,0.186279360101971,0.0833066623986339,0.408703624952949,0.871296375047053
"linear","dense","teaching_fixed",300,1000,1.9,"ASHMED_Adaptive",0.05,5,5,0,0,5,0.0561949177931807,0.0218821910194565,0.00978601332322805,0.0290245890025038,0.0833652465838576,5,0.964,0.019811612756159,0.00886002257333468,0.939400633694323,0.988599366305677,5,204.4,7.56967634711022,3.38526217596215,195.001005401739,213.798994598261,5,1.68,0.741619848709565,0.33166247903554,0.759157333504012,2.60084266649599
"linear","sparse","teaching_fixed",300,1000,1.3,"ASHMED_Adaptive",0.05,5,5,0,0,5,0.114640522875817,0.0862170535555877,0.0385574385140068,0.00758791144463788,0.221693134306996,5,0.54,0.178185296812055,0.0796868872525461,0.31875373193922,0.76124626806078,5,12.2,3.83405790253616,1.71464281994822,7.43938833539221,16.9606116646078,5,1.738,0.412880127882174,0.184645606500669,1.22534160963494,2.25065839036506
"linear","sparse","teaching_fixed",300,1000,1.5,"ASHMED_Adaptive",0.05,5,5,0,0,5,0,0,0,0,0.521823750104981,5,0.58,0.103682206766639,0.0463680924774785,0.451261536603546,0.708738463396454,5,11.6,2.07364413533277,0.92736184954957,9.02523073207092,14.1747692679291,5,1.08,0.597536609757093,0.267226495692325,0.338060304055885,1.82193969594411
"linear","sparse","teaching_fixed",300,1000,1.9,"ASHMED_Adaptive",0.05,5,5,0,0,5,0.0477557530189109,0.0466416685083597,0.0208587882737407,0,0.105669033621895,5,0.88,0.115108644332213,0.051478150704935,0.737073740450649,1,5,18.6,3.20936130717624,1.43527000944073,14.6150516076511,22.5849483923489,5,0.842,0.401397558537667,0.179510445378535,0.34359910259689,1.34040089740311
