"run","case_id","bounds","true_alpha_variance","true_beta_variance","kappa_lower","psi_upper","fitted_kappa","fitted_psi","fitted_mu","fitted_theta","fitted_pi11","loglik","discoveries","false_discoveries","true_discoveries","alternatives","FDP","power"
"main","linear_sparse_n300_t03_r0001","package_default",0.00333333333333333,0.0133333333333333,0.0315225548432975,10,0.0315780089936374,0.0149291162914312,0.0626822567133535,-0.933706513018157,0.0172287859481989,1255.71985109604,0,0,0,14,0,0
"main","linear_sparse_n300_t03_r0001","wide_bounds",0.00333333333333333,0.0133333333333333,1e-08,100,0.00942742440443425,0.0149370459441341,0.0851878446098007,-0.933706508616037,0.0183643845127359,1256.34872823073,0,0,0,14,0,0
"main","binary_sparse_n300_t03_r0001","package_default",0.00333333333333333,0.0133333333333333,0.02885669171857,10,0.0344493111988261,0.0111285173444897,-0.0108033861642946,-0.956553909468778,0.0248642257206129,629.618006787141,1,1,0,16,1,0
"main","binary_sparse_n300_t03_r0001","wide_bounds",0.00333333333333333,0.0133333333333333,1e-08,100,0.0339607792000463,0.00874822456866314,-0.0102937486150496,-0.955335731493657,0.0251049405422044,629.691886917322,1,1,0,16,1,0
"main","linear_dense_n300_t03_r0001","package_default",0.00333333333333333,0.0133333333333333,0.0319488026012123,10,0.0320042526340941,0.0142697984727791,0.146471229119856,-0.955302208485996,0.0618507536227786,535.811169377154,0,0,0,217,0,0
"main","linear_dense_n300_t03_r0001","wide_bounds",0.00333333333333333,0.0133333333333333,1e-08,100,4.62876842682175e-05,0.0142643616290122,0.122026957391516,-0.955302258039094,0.141302126418471,544.674539229954,0,0,0,217,0,0
"source","linear_sparse_n300_t01_r0001","package_default",1,16,0.0368159844870508,10,1.61880792903927,9.99995644965463,0.178772461300591,-0.859888328022158,0.0152320216992875,780.537892174057,10,1,9,15,0.1,0.6
"source","linear_sparse_n300_t01_r0001","wide_bounds",1,16,1e-08,100,1.61891329786115,11.6175132705907,0.17877143023574,-0.863029946421279,0.0152001337769003,780.927895381648,10,1,9,15,0.1,0.6
"source","linear_dense_n300_t01_r0001","package_default",1,16,0.0358291361527541,10,1.11820754887532,9.99992956287263,0.121825382672265,-0.951523980071554,0.208927984057269,-1793.19165362119,141,7,134,201,0.049645390070922,0.666666666666667
"source","linear_dense_n300_t01_r0001","wide_bounds",1,16,1e-08,100,1.11803629590843,17.2386347588992,0.121801549287035,-0.960760588550045,0.207262104944134,-1757.28563094886,141,7,134,201,0.049645390070922,0.666666666666667
