"run","case_id","scenario","mixture","n","tau","replicate","X_ones","alpha_mean","alpha_prior_sd","median_alpha_SE","mean_abs_true_alpha_over_SE","alpha_p05_among_H11","beta_p05_among_H11","both_p05_among_H11","approximate_oracle_min_lfdr","approximate_oracle_discoveries"
"main","linear_sparse_n300_t03_r0001","linear","sparse",300,1.9,1,27,0.095,0.0577350269189626,0.201767281802644,0.502754735699762,0.142857142857143,1,0.142857142857143,0.418773955137213,0
"main","confounded_sparse_n300_t03_r0001","confounded","sparse",300,1.9,1,37,0.095,0.0577350269189626,0.175366720096015,0.589969832201521,0.157894736842105,1,0.157894736842105,0.408592281945738,0
"main","binary_sparse_n300_t03_r0001","binary","sparse",300,1.9,1,30,0.095,0.0577350269189626,0.19190105817816,0.456883260448463,0.0625,1,0.0625,0.317454512047218,0
"main","linear_dense_n300_t03_r0001","linear","dense",300,1.9,1,26,0.095,0.0577350269189626,0.204777449832431,0.478627541162835,0.0599078341013825,1,0.0599078341013825,0.162992637329354,0
"main","confounded_dense_n300_t03_r0001","confounded","dense",300,1.9,1,39,0.095,0.0577350269189626,0.173256641269622,0.559527491701002,0.0900473933649289,1,0.0900473933649289,0.122339710655843,0
"main","binary_dense_n300_t03_r0001","binary","dense",300,1.9,1,25,0.095,0.0577350269189626,0.208504899885285,0.478941710455157,0.0736842105263158,1,0.0736842105263158,0.184407447618947,0
"main","linear_sparse_n300_t03_r0002","linear","sparse",300,1.9,2,28,0.095,0.0577350269189626,0.198746719284385,0.496057689970268,0.125,1,0.125,0.446772210253094,0
"main","confounded_sparse_n300_t03_r0002","confounded","sparse",300,1.9,2,39,0.095,0.0577350269189626,0.172341047298905,0.545065760462715,0.103448275862069,1,0.103448275862069,0.230245798105311,0
"main","binary_sparse_n300_t03_r0002","binary","sparse",300,1.9,2,25,0.095,0.0577350269189626,0.208383477019002,0.497521079818726,0.037037037037037,1,0.037037037037037,0.377470656113227,0
"main","linear_dense_n300_t03_r0002","linear","dense",300,1.9,2,25,0.095,0.0577350269189626,0.208499223884854,0.458914831128326,0.085427135678392,1,0.085427135678392,0.155625324373748,0
"main","confounded_dense_n300_t03_r0002","confounded","dense",300,1.9,2,35,0.095,0.0577350269189626,0.179619297182005,0.534016232078738,0.087378640776699,1,0.087378640776699,0.125346551863342,0
"main","binary_dense_n300_t03_r0002","binary","dense",300,1.9,2,26,0.095,0.0577350269189626,0.204648595156011,0.470191602563698,0.0984455958549223,1,0.0984455958549223,0.134540820811685,0
"main","linear_sparse_n300_t03_r0003","linear","sparse",300,1.9,3,30,0.095,0.0577350269189626,0.191339183632286,0.513736980066786,0.142857142857143,1,0.142857142857143,0.382046862636024,0
"main","confounded_sparse_n300_t03_r0003","confounded","sparse",300,1.9,3,23,0.095,0.0577350269189626,0.217234406722292,0.528150458402797,0.0869565217391304,1,0.0869565217391304,0.455155360057904,0
"main","binary_sparse_n300_t03_r0003","binary","sparse",300,1.9,3,21,0.095,0.0577350269189626,0.225867700904249,0.419166307604682,0.130434782608696,1,0.130434782608696,0.447854989883779,0
"main","linear_dense_n300_t03_r0003","linear","dense",300,1.9,3,30,0.095,0.0577350269189626,0.191409799225326,0.512272119272823,0.0717948717948718,1,0.0717948717948718,0.161398294043853,0
"main","confounded_dense_n300_t03_r0003","confounded","dense",300,1.9,3,30,0.095,0.0577350269189626,0.192776876423647,0.512924286167916,0.0742574257425743,1,0.0742574257425743,0.122393304472276,0
"main","binary_dense_n300_t03_r0003","binary","dense",300,1.9,3,29,0.095,0.0577350269189626,0.195413662761515,0.499760507737212,0.100529100529101,1,0.100529100529101,0.124448539209713,0
"main","linear_sparse_n300_t03_r0004","linear","sparse",300,1.9,4,31,0.095,0.0577350269189626,0.189977107552028,0.522054466744583,0,1,0,0.500189072566475,0
"main","confounded_sparse_n300_t03_r0004","confounded","sparse",300,1.9,4,43,0.095,0.0577350269189626,0.164564099234644,0.591510795119247,0.111111111111111,1,0.111111111111111,0.407684754534214,0
"main","binary_sparse_n300_t03_r0004","binary","sparse",300,1.9,4,26,0.095,0.0577350269189626,0.204618565756844,0.477151188521166,0,1,0,0.46554508872646,0
"main","linear_dense_n300_t03_r0004","linear","dense",300,1.9,4,36,0.095,0.0577350269189626,0.177153745874359,0.53499365327976,0.0837209302325581,1,0.0837209302325581,0.178721393129937,0
"main","confounded_dense_n300_t03_r0004","confounded","dense",300,1.9,4,32,0.095,0.0577350269189626,0.188081964772226,0.507277556693662,0.102409638554217,1,0.102409638554217,0.13172956006329,0
"main","binary_dense_n300_t03_r0004","binary","dense",300,1.9,4,22,0.095,0.0577350269189626,0.22115497192072,0.449479809144292,0.0567010309278351,1,0.0567010309278351,0.200891371609667,0
"main","linear_sparse_n300_t03_r0005","linear","sparse",300,1.9,5,32,0.095,0.0577350269189626,0.18689971610436,0.520935425768179,0,1,0,0.385476516819374,0
"main","confounded_sparse_n300_t03_r0005","confounded","sparse",300,1.9,5,30,0.095,0.0577350269189626,0.194072189954775,0.530093890472618,0.166666666666667,1,0.166666666666667,0.445545365392089,0
"main","binary_sparse_n300_t03_r0005","binary","sparse",300,1.9,5,40,0.095,0.0577350269189626,0.169635161686317,0.619709598348467,0.0384615384615385,1,0.0384615384615385,0.422818716528405,0
"main","linear_dense_n300_t03_r0005","linear","dense",300,1.9,5,29,0.095,0.0577350269189626,0.195498746070207,0.509469807042368,0.0975609756097561,1,0.0975609756097561,0.100289470153052,0
"main","confounded_dense_n300_t03_r0005","confounded","dense",300,1.9,5,39,0.095,0.0577350269189626,0.171992353007323,0.580783937413172,0.0574162679425837,1,0.0574162679425837,0.0981538158368958,0
"main","binary_dense_n300_t03_r0005","binary","dense",300,1.9,5,25,0.095,0.0577350269189626,0.20909779313852,0.440045521596878,0.106951871657754,1,0.106951871657754,0.064796717514471,0
"source","linear_sparse_n300_t01_r0001","linear","sparse",300,1.9,1,22,0.095,1,0.221118001390107,4.40132790263743,0.733333333333333,0.933333333333333,0.733333333333333,2.53264332496851e-29,11
"source","confounded_sparse_n300_t01_r0001","confounded","sparse",300,1.9,1,38,0.095,1,0.17308349595219,4.7510807167622,0.75,1,0.75,1.29122744453317e-21,11
"source","binary_sparse_n300_t01_r0001","binary","sparse",300,1.9,1,31,0.095,1,0.189602693007078,4.56722592741266,0.826086956521739,1,0.826086956521739,8.97198092748885e-14,17
"source","linear_dense_n300_t01_r0001","linear","dense",300,1.9,1,24,0.095,1,0.212203848409824,3.93715810167764,0.711442786069652,0.965174129353234,0.701492537313433,7.25641166059838e-57,141
"source","confounded_dense_n300_t01_r0001","confounded","dense",300,1.9,1,33,0.095,1,0.184521134433453,4.25751447406478,0.712820512820513,0.984615384615385,0.702564102564103,1.37660080854875e-41,143
"source","binary_dense_n300_t01_r0001","binary","dense",300,1.9,1,29,0.095,1,0.1949200642194,4.28871142170119,0.737623762376238,0.97029702970297,0.722772277227723,8.0938140091969e-15,143
