"case_id","scenario","mixture","profile","n","m","tau","replicate","seed","method","q","status","cached","elapsed_seconds","warning","error","cache_key","discoveries","false_discoveries","true_discoveries","alternatives","FDP","power"
"linear_sparse_n300_t01_r0001","linear","sparse","teaching_fixed",300,1000,1.3,1,203874798,"ASHMED_Adaptive",0.05,"ok",FALSE,2.34,"","","58afd5deb5f949afe8cbfedd200b4d97",20,11,9,20,0.55,0.45
"confounded_sparse_n300_t01_r0001","confounded","sparse","teaching_fixed",300,1000,1.3,1,96903160,"ASHMED_Adaptive",0.05,"ok",FALSE,5.82,"","","789809eda94420f98b7b08292b63c6d1",5,0,5,20,0,0.25
"binary_sparse_n300_t01_r0001","binary","sparse","teaching_fixed",300,1000,1.3,1,1200593,"ASHMED_Adaptive",0.05,"ok",FALSE,8.02,"","","b0df659633004b5f998039a325242180",8,0,8,20,0,0.4
"linear_dense_n300_t01_r0001","linear","dense","teaching_fixed",300,1000,1.3,1,190837284,"ASHMED_Adaptive",0.05,"ok",FALSE,1.08,"","","cac9f34d319554c0fb2c40fd4debe916",431,231,200,200,0.535962877030162,1
"confounded_dense_n300_t01_r0001","confounded","dense","teaching_fixed",300,1000,1.3,1,211343690,"ASHMED_Adaptive",0.05,"ok",FALSE,0.72,"","","5df951dc61c25a7a8dbf8d604e9adeda",135,10,125,200,0.0740740740740741,0.625
"binary_dense_n300_t01_r0001","binary","dense","teaching_fixed",300,1000,1.3,1,167861328,"ASHMED_Adaptive",0.05,"ok",FALSE,0.61,"","","c9ea5fda33ca71b35196cfb6c3ffa176",137,6,131,200,0.0437956204379562,0.655
"linear_sparse_n300_t02_r0001","linear","sparse","teaching_fixed",300,1000,1.5,1,154146653,"ASHMED_Adaptive",0.05,"ok",FALSE,1.34,"","","d1204f99b56bb698f881bfc42a55c83f",16,2,14,20,0.125,0.7
"confounded_sparse_n300_t02_r0001","confounded","sparse","teaching_fixed",300,1000,1.5,1,154118143,"ASHMED_Adaptive",0.05,"ok",FALSE,3.72,"","","b6f7bceecb592ef3525d677fc7f904c2",21,9,12,20,0.428571428571429,0.6
"binary_sparse_n300_t02_r0001","binary","sparse","teaching_fixed",300,1000,1.5,1,67379123,"ASHMED_Adaptive",0.05,"ok",FALSE,1.39,"","","77ffa9cdfa22879cfc1e4756d0db47b9",77,57,20,20,0.74025974025974,1
"linear_dense_n300_t02_r0001","linear","dense","teaching_fixed",300,1000,1.5,1,129285823,"ASHMED_Adaptive",0.05,"ok",FALSE,0.56,"","","c9d8dbe3e8a82d39d6bd84648e83d1f9",170,10,160,200,0.0588235294117647,0.8
"confounded_dense_n300_t02_r0001","confounded","dense","teaching_fixed",300,1000,1.5,1,7264952,"ASHMED_Adaptive",0.05,"ok",FALSE,1.92,"","","5280fe6e470f2dc8ab4f59bb92ed7aa4",179,14,165,200,0.0782122905027933,0.825
"binary_dense_n300_t02_r0001","binary","dense","teaching_fixed",300,1000,1.5,1,203627124,"ASHMED_Adaptive",0.05,"ok",FALSE,0.869999999999999,"","","aadfcb69efa3cb8de6f3186d7e1c8d78",178,7,171,200,0.0393258426966292,0.855
"linear_sparse_n300_t03_r0001","linear","sparse","teaching_fixed",300,1000,1.9,1,84442631,"ASHMED_Adaptive",0.05,"ok",FALSE,0.57,"","","d0ced26677b5388155ba20a2251eb170",20,1,19,20,0.05,0.95
"confounded_sparse_n300_t03_r0001","confounded","sparse","teaching_fixed",300,1000,1.9,1,260722449,"ASHMED_Adaptive",0.05,"ok",FALSE,0.69,"","","b5f0e2fe065bfc6828ad27eb9002bc67",31,12,19,20,0.387096774193548,0.95
"binary_sparse_n300_t03_r0001","binary","sparse","teaching_fixed",300,1000,1.9,1,160670759,"ASHMED_Adaptive",0.05,"ok",FALSE,0.799999999999999,"","","eb576d0bc178fcb7bc57c860f7ef96d5",18,0,18,20,0,0.9
"linear_dense_n300_t03_r0001","linear","dense","teaching_fixed",300,1000,1.9,1,82263548,"ASHMED_Adaptive",0.05,"ok",FALSE,1.25,"","","833e032c7417760b73700d32a505dde6",332,141,191,200,0.424698795180723,0.955
"confounded_dense_n300_t03_r0001","confounded","dense","teaching_fixed",300,1000,1.9,1,18409293,"ASHMED_Adaptive",0.05,"ok",FALSE,0.960000000000001,"","","274477f19864372a50f118099d5930e9",198,7,191,200,0.0353535353535354,0.955
"binary_dense_n300_t03_r0001","binary","dense","teaching_fixed",300,1000,1.9,1,165128741,"ASHMED_Adaptive",0.05,"ok",FALSE,5.11,"","","e16870c865dbc7509c07c909ec6a00a2",211,16,195,200,0.0758293838862559,0.975
"linear_sparse_n300_t01_r0002","linear","sparse","teaching_fixed",300,1000,1.3,2,169132387,"ASHMED_Adaptive",0.05,"ok",FALSE,0.92,"","","9bc3b0cab6703b448cbec9f1a7094e40",14,1,13,20,0.0714285714285714,0.65
"confounded_sparse_n300_t01_r0002","confounded","sparse","teaching_fixed",300,1000,1.3,2,187857596,"ASHMED_Adaptive",0.05,"ok",FALSE,1.49,"","","d206e090d5d451b10510ed6104f8d5af",9,0,9,20,0,0.45
"binary_sparse_n300_t01_r0002","binary","sparse","teaching_fixed",300,1000,1.3,2,25412553,"ASHMED_Adaptive",0.05,"ok",FALSE,7.64,"","","9d1943f1e52bbb3a4e42331dd94ceef0",6,0,6,20,0,0.3
"linear_dense_n300_t01_r0002","linear","dense","teaching_fixed",300,1000,1.3,2,216455434,"ASHMED_Adaptive",0.05,"ok",FALSE,0.619999999999999,"","","2ab8ac3e4c4c2a44863e75b6f3bbd1b7",131,5,126,200,0.0381679389312977,0.63
"confounded_dense_n300_t01_r0002","confounded","dense","teaching_fixed",300,1000,1.3,2,76376231,"ASHMED_Adaptive",0.05,"ok",FALSE,0.790000000000001,"","","12492df1d98f530344e3d54193976faf",145,7,138,200,0.0482758620689655,0.69
"binary_dense_n300_t01_r0002","binary","dense","teaching_fixed",300,1000,1.3,2,252366175,"ASHMED_Adaptive",0.05,"ok",FALSE,0.66,"","","76955a2327cd0658b002ac226bbefe53",148,7,141,200,0.0472972972972973,0.705
"linear_sparse_n300_t02_r0002","linear","sparse","teaching_fixed",300,1000,1.5,2,111931580,"ASHMED_Adaptive",0.05,"ok",FALSE,0.719999999999999,"","","52bee6149985b56b57751df2f9396fbf",17,4,13,20,0.235294117647059,0.65
"confounded_sparse_n300_t02_r0002","confounded","sparse","teaching_fixed",300,1000,1.5,2,23917971,"ASHMED_Adaptive",0.05,"ok",FALSE,1.39,"","","5eba60db74c0e3be860c483f4a94e579",13,1,12,20,0.0769230769230769,0.6
"binary_sparse_n300_t02_r0002","binary","sparse","teaching_fixed",300,1000,1.5,2,70665624,"ASHMED_Adaptive",0.05,"ok",FALSE,8.42,"","","d28560eb118bd8a1982e3e403e7484f0",25,6,19,20,0.24,0.95
"linear_dense_n300_t02_r0002","linear","dense","teaching_fixed",300,1000,1.5,2,211234059,"ASHMED_Adaptive",0.05,"ok",FALSE,0.52,"","","fa1e5de9d1e9117797a75247ad78ade9",172,10,162,200,0.0581395348837209,0.81
"confounded_dense_n300_t02_r0002","confounded","dense","teaching_fixed",300,1000,1.5,2,123545979,"ASHMED_Adaptive",0.05,"ok",FALSE,0.690000000000001,"","","c964524999ef958f633c3609378c3837",182,8,174,200,0.043956043956044,0.87
"binary_dense_n300_t02_r0002","binary","dense","teaching_fixed",300,1000,1.5,2,196459159,"ASHMED_Adaptive",0.05,"ok",FALSE,0.850000000000001,"","","d27cca0c55465e66f6a489f477b9b3a5",169,11,158,200,0.0650887573964497,0.79
"linear_sparse_n300_t03_r0002","linear","sparse","teaching_fixed",300,1000,1.9,2,113996682,"ASHMED_Adaptive",0.05,"ok",FALSE,0.699999999999999,"","","27faa3ef31612fdb4bd229786c39baf4",16,0,16,20,0,0.8
"confounded_sparse_n300_t03_r0002","confounded","sparse","teaching_fixed",300,1000,1.9,2,126971994,"ASHMED_Adaptive",0.05,"ok",FALSE,0.68,"","","e1b2833634415ad43f63067fec2b0854",17,0,17,20,0,0.85
"binary_sparse_n300_t03_r0002","binary","sparse","teaching_fixed",300,1000,1.9,2,21575936,"ASHMED_Adaptive",0.05,"ok",FALSE,2.39,"","","d4885c47d4b04206b81e8c79f33f95a9",18,0,18,20,0,0.9
"linear_dense_n300_t03_r0002","linear","dense","teaching_fixed",300,1000,1.9,2,132262509,"ASHMED_Adaptive",0.05,"ok",FALSE,0.640000000000001,"","","1a3c492fe2aef0885dc72e105e541afc",204,9,195,200,0.0441176470588235,0.975
"confounded_dense_n300_t03_r0002","confounded","dense","teaching_fixed",300,1000,1.9,2,167627902,"ASHMED_Adaptive",0.05,"ok",FALSE,0.41,"","","70c913d8872f55ab77b139d2392a6fc6",201,11,190,200,0.054726368159204,0.95
"binary_dense_n300_t03_r0002","binary","dense","teaching_fixed",300,1000,1.9,2,228265929,"ASHMED_Adaptive",0.05,"ok",FALSE,1.67,"","","f5ed78b0da9c0e2e63e6bb626fcb1c25",195,7,188,200,0.0358974358974359,0.94
"linear_sparse_n300_t01_r0003","linear","sparse","teaching_fixed",300,1000,1.3,3,114215453,"ASHMED_Adaptive",0.05,"ok",FALSE,1.47,"","","ba920b1bdce79e59ff1bb1d9922135c9",18,5,13,20,0.277777777777778,0.65
"confounded_sparse_n300_t01_r0003","confounded","sparse","teaching_fixed",300,1000,1.3,3,263203360,"ASHMED_Adaptive",0.05,"ok",FALSE,2.34,"","","1243e799eb958970759217c9e08144d3",17,4,13,20,0.235294117647059,0.65
"binary_sparse_n300_t01_r0003","binary","sparse","teaching_fixed",300,1000,1.3,3,39427257,"ASHMED_Adaptive",0.05,"ok",FALSE,2.92,"","","eb706446dcdd0fd3d65c363beb60bae9",43,25,18,20,0.581395348837209,0.9
"linear_dense_n300_t01_r0003","linear","dense","teaching_fixed",300,1000,1.3,3,159845301,"ASHMED_Adaptive",0.05,"ok",FALSE,1.1,"","","f188ce69e2ae805a76821359e55e79e1",121,4,117,200,0.0330578512396694,0.585
"confounded_dense_n300_t01_r0003","confounded","dense","teaching_fixed",300,1000,1.3,3,143872636,"ASHMED_Adaptive",0.05,"ok",FALSE,0.66,"","","e543fcd973cbbb6bddc411949190c5ad",158,12,146,200,0.0759493670886076,0.73
"binary_dense_n300_t01_r0003","binary","dense","teaching_fixed",300,1000,1.3,3,36616067,"ASHMED_Adaptive",0.05,"ok",FALSE,0.550000000000001,"","","4982bc01f097730f91d7170270f16c8e",116,6,110,200,0.0517241379310345,0.55
"linear_sparse_n300_t02_r0003","linear","sparse","teaching_fixed",300,1000,1.5,3,254086762,"ASHMED_Adaptive",0.05,"ok",FALSE,0.890000000000001,"","","4823df19a4ec377aa093363d731f60bb",20,3,17,20,0.15,0.85
"confounded_sparse_n300_t02_r0003","confounded","sparse","teaching_fixed",300,1000,1.5,3,223514034,"ASHMED_Adaptive",0.05,"ok",FALSE,0.919999999999998,"","","9d4b62d83600f73d4131020c542ffb1a",19,3,16,20,0.157894736842105,0.8
"binary_sparse_n300_t02_r0003","binary","sparse","teaching_fixed",300,1000,1.5,3,15829857,"ASHMED_Adaptive",0.05,"ok",FALSE,1.32,"","","ad847e9e23a1bdf822a86aa31c60439f",57,37,20,20,0.649122807017544,1
"linear_dense_n300_t02_r0003","linear","dense","teaching_fixed",300,1000,1.5,3,128045305,"ASHMED_Adaptive",0.05,"ok",FALSE,0.579999999999998,"","","eb4b3183245f114f46db0f7b1e4029dc",161,6,155,200,0.0372670807453416,0.775
"confounded_dense_n300_t02_r0003","confounded","dense","teaching_fixed",300,1000,1.5,3,171356528,"ASHMED_Adaptive",0.05,"ok",FALSE,0.849999999999998,"","","6ee3fae51a6ea2aa3b7c0e0f35e03981",173,15,158,200,0.0867052023121387,0.79
"binary_dense_n300_t02_r0003","binary","dense","teaching_fixed",300,1000,1.5,3,139443859,"ASHMED_Adaptive",0.05,"ok",FALSE,0.620000000000001,"","","7e7027a0b2b4341af61a8891fc3d96ff",187,13,174,200,0.0695187165775401,0.87
"linear_sparse_n300_t03_r0003","linear","sparse","teaching_fixed",300,1000,1.9,3,226569007,"ASHMED_Adaptive",0.05,"ok",FALSE,2.45,"","","d76ab4adb60da6ac00b0cef3d2b87c37",22,2,20,20,0.0909090909090909,1
"confounded_sparse_n300_t03_r0003","confounded","sparse","teaching_fixed",300,1000,1.9,3,50022030,"ASHMED_Adaptive",0.05,"ok",FALSE,0.580000000000005,"","","0af924d61a41c3ae043a85b1c0466a29",14,0,14,20,0,0.7
"binary_sparse_n300_t03_r0003","binary","sparse","teaching_fixed",300,1000,1.9,3,17719222,"ASHMED_Adaptive",0.05,"ok",FALSE,4.24,"","","410f4897b12da8cae65372be9577e089",18,0,18,20,0,0.9
"linear_dense_n300_t03_r0003","linear","dense","teaching_fixed",300,1000,1.9,3,81993015,"ASHMED_Adaptive",0.05,"ok",FALSE,1.22,"","","d009406afca76ebf20bb489079201f7c",216,18,198,200,0.0833333333333333,0.99
"confounded_dense_n300_t03_r0003","confounded","dense","teaching_fixed",300,1000,1.9,3,32834248,"ASHMED_Adaptive",0.05,"ok",FALSE,0.520000000000003,"","","db954fb56d39a6b5939cc018c95a7168",202,10,192,200,0.0495049504950495,0.96
"binary_dense_n300_t03_r0003","binary","dense","teaching_fixed",300,1000,1.9,3,261970499,"ASHMED_Adaptive",0.05,"ok",FALSE,1.61,"","","cdcb2164a99b70de3f24f5afc8d92d87",199,9,190,200,0.0452261306532663,0.95
