"iteration","loglik","dual_gap","relative_change","update"
0,-1998.56886680847,,,"initial"
1,-942.529967381836,0.298923449425126,0.52839755335178,"accelerated_EM"
2,-886.609747932879,0.038314842055122,0.0593299113918814,"accelerated_EM"
3,-875.78386423579,0.0287849836654848,0.0122104271042911,"accelerated_EM"
4,-872.717623124998,0.0203810904640529,0.00350113907781139,"accelerated_EM"
5,-868.887904314282,0.0134317639727262,0.00438826799097058,"accelerated_EM"
6,-867.648003126867,0.0130149870058227,0.00142699786849224,"accelerated_EM"
7,-866.566736295206,0.00749009649983767,0.00124620448357401,"accelerated_EM"
8,-866.009065127692,0.00898805357226928,0.000643540934767623,"accelerated_EM"
9,-865.554081265131,0.00452704840994378,0.000525380023007976,"accelerated_EM"
10,-865.111582210831,0.0142946552279004,0.000511232127347326,"accelerated_EM"
11,-864.812529085277,0.00246139428534642,0.000345681564902985,"accelerated_EM"
12,-864.7108941471,0.00191435024412723,0.000117522508935123,"accelerated_EM"
13,-864.554769589785,0.00162628233080797,0.000180551162674663,"accelerated_EM"
14,-864.481489522493,0.00187232831148232,8.47604684733591e-05,"accelerated_EM"
15,-864.37584941942,0.00121497531230763,0.000122200537956698,"accelerated_EM"
16,-864.260194222962,0.00351852793964635,0.000133801975767951,"accelerated_EM"
17,-864.220877249314,0.000915854065234978,4.54920565706752e-05,"accelerated_EM"
18,-864.196548142333,0.00816307230284119,2.81514918490557e-05,"accelerated_EM"
19,-863.964159758997,0.00025267365073911,0.000268906863647033,"accelerated_EM"
20,-863.94575116294,0.000351005936075621,2.13071292938879e-05,"accelerated_EM+vertex"
21,-863.937558237808,0.000211868732217457,9.48314766390299e-06,"accelerated_EM"
22,-863.920417918376,0.00034922203279586,1.98397665066302e-05,"accelerated_EM"
23,-863.885674442831,0.000169755327482202,4.02160602117387e-05,"accelerated_EM"
24,-863.881944748942,0.000300271427909449,4.31734661143945e-06,"accelerated_EM"
25,-863.870586488043,0.000147890769575998,1.31479318066237e-05,"accelerated_EM"
26,-863.868344539816,0.000118925557743177,2.59523621000331e-06,"accelerated_EM"
27,-863.859556115762,0.000119781518484574,1.01733373028677e-05,"accelerated_EM"
28,-863.857728117668,9.98390326731879e-05,2.11608250518254e-06,"accelerated_EM"
29,-863.855077800772,9.65657239828666e-05,3.06800160543656e-06,"accelerated_EM"
30,-863.852677763085,9.77955436269884e-05,2.77828741010786e-06,"accelerated_EM"
31,-863.851517463199,7.11744021921756e-05,1.3431687086661e-06,"accelerated_EM"
32,-863.84868169762,8.74752683115432e-05,3.2827002350769e-06,"accelerated_EM"
33,-863.846134571531,0.000745020910807082,2.94857900831225e-06,"accelerated_EM"
34,-863.834895031543,3.07990224845955e-05,1.30110439085866e-05,"accelerated_EM"
35,-863.83460028455,2.89876833932112e-05,3.41207556359333e-07,"accelerated_EM"
36,-863.834295362971,2.74783751037511e-05,3.52986067870695e-07,"accelerated_EM"
37,-863.834040229948,2.58480141106521e-05,2.95349495466165e-07,"accelerated_EM"
38,-863.833771937873,2.45077419986917e-05,3.10582891770624e-07,"accelerated_EM"
39,-863.833550487764,2.30550474020763e-05,2.56357318224496e-07,"accelerated_EM"
40,-863.833314536699,2.18750360212461e-05,2.73144132339053e-07,"accelerated_EM"
41,-863.833122432843,2.05803520811898e-05,2.22385329260559e-07,"accelerated_EM"
42,-863.83291418559,1.95471729700358e-05,2.4107347475198e-07,"accelerated_EM"
43,-863.832747899905,1.838592339376e-05,1.92497510020398e-07,"accelerated_EM"
44,-863.832562824697,1.74881135737159e-05,2.14248890230694e-07,"accelerated_EM"
45,-863.832419216676,1.64322059845734e-05,1.6624520502856e-07,"accelerated_EM"
46,-863.832252999248,1.56639205051157e-05,1.92418603694564e-07,"accelerated_EM"
47,-863.832128555502,1.46770668585372e-05,1.44060082944583e-07,"accelerated_EM"
48,-863.831977575434,1.40419843539519e-05,1.74779407607564e-07,"accelerated_EM"
49,-863.831866083301,1.30658530992367e-05,1.29066920150916e-07,"accelerated_EM"
50,-863.831768436754,1.23439986949858e-05,1.13038835058938e-07,"accelerated_EM"
51,-863.83163705927,1.17988287349213e-05,1.52086885532037e-07,"accelerated_EM"
52,-863.831560358267,1.10563932014252e-05,8.87916117193984e-08,"accelerated_EM"
53,-863.831434447542,1.06902739571701e-05,1.45758421397835e-07,"accelerated_EM"
54,-863.831365511786,9.68865876238567e-06,7.98023249938937e-08,"accelerated_EM"
55,-863.831247207154,9.43274690778928e-06,1.36953387012485e-07,"accelerated_EM"
56,-863.831204517165,8.45013028771824e-06,4.94193615588715e-08,"accelerated_EM"
57,-863.831089074682,8.36455361508115e-06,1.33640094203582e-07,"accelerated_EM"
58,-863.831027420975,7.91909254282963e-06,7.13724106650257e-08,"accelerated_EM"
59,-863.830987391069,7.08265630300353e-06,4.63399725877861e-08,"accelerated_EM"
60,-863.830909052506,7.02400976249073e-06,9.0687372862578e-08,"accelerated_EM"
61,-863.830854275882,6.83181791805154e-06,6.3411280653061e-08,"accelerated_EM"
62,-863.830807400844,6.29838866683663e-06,5.42641391711229e-08,"accelerated_EM"
63,-863.830763784206,5.89252047555888e-06,5.04921070962205e-08,"accelerated_EM"
64,-863.830716468952,5.89395176309182e-06,5.47737546077557e-08,"accelerated_EM"
65,-863.830679595571,4.90934318131409e-06,4.26858870520252e-08,"accelerated_EM"
66,-863.830632868144,5.58451055376885e-06,5.40932716559803e-08,"accelerated_EM"
67,-863.830278819914,2.88414152165295e-05,4.09858386484124e-07,"accelerated_EM"
68,-863.830178164105,2.30266709788651e-06,1.16522668616122e-07,"accelerated_EM"
69,-863.830169011463,2.12213654426918e-06,1.05954189428502e-08,"accelerated_EM"
70,-863.830154481919,2.05021186605592e-06,1.68199076928436e-08,"accelerated_EM"
71,-863.830146544944,1.98711891674641e-06,9.18811954441828e-09,"accelerated_EM"
