"state","scale_index","rho","prior_var_alpha","prior_var_beta","prior_cov","component_id","scale_multiplier","weight","within_state_weight"
"H00",0,0,0,0,0,"H00_j00_rho+0.00",0,0.0749814392853178,1
"H10",1,0,0.00271571170303422,0,0,"H10_j01_rho+0.00",0.25,4.26108552193511e-05,9.34792382832723e-05
"H10",2,0,0.00509973132484915,0,0,"H10_j02_rho+0.00",0.342587746180031,4.29982683953556e-06,9.43291411638265e-06
"H10",3,0,0.00957659075394128,0,0,"H10_j03_rho+0.00",0.469465455330853,9.3164164950799e-08,2.04382548298228e-07
"H10",4,0,0.0179835141552651,0,0,"H10_j04_rho+0.00",0.643332449004716,2.67858844564269e-10,5.87625867361942e-10
"H10",5,0,0.0337705546454015,0,0,"H10_j05_rho+0.00",0.881591254996021,3.03332363986478e-12,6.65447294736368e-12
"H10",6,0,0.0634164352535155,0,0,"H10_j06_rho+0.00",1.20808944440445,5.95771408013918e-06,1.3069969406951e-05
"H10",7,0,0.119087302607005,0,0,"H10_j07_rho+0.00",1.65550655976962,0.455779327701378,0.999883812691885
"H10",8,0,0.223629498970083,0,0,"H10_j08_rho+0.00",2.26862504439092,9.54874551642299e-11,2.09479357511385e-10
"H10",9,0,0.419945298237602,0,0,"H10_j09_rho+0.00",3.10881256354184,1.0051795942353e-30,2.20515223933671e-30
"H10",10,0,0.788599242604666,0,0,"H10_j10_rho+0.00",4.26016435775985,0,0
"H10",11,0,1.48088041001186,0,0,"H10_j11_rho+0.00",5.83792042272578,0,0
"H10",12,0,2.78088878390704,0,0,"H10_j12_rho+0.00",8,0,0
"H01",1,0,0,0.000210327134275659,0,"H01_j01_rho+0.00",0.25,2.60890207338539e-07,7.87490095291675e-07
"H01",2,0,0,0.000394965295444622,0,"H01_j02_rho+0.00",0.342587746180031,4.2236330465763e-12,1.27489230977897e-11
"H01",3,0,0,0.000741690249063178,0,"H01_j03_rho+0.00",0.469465455330853,5.25985341661353e-15,1.58767264993367e-14
"H01",4,0,0,0.00139279180196359,0,"H01_j04_rho+0.00",0.643332449004716,1.25762534728224e-21,3.79610838856588e-21
"H01",5,0,0,0.00261547054995967,0,"H01_j05_rho+0.00",0.881591254996021,4.85842326192219e-34,1.46650203414255e-33
"H01",6,0,0,0.00491149229056502,0,"H01_j06_rho+0.00",1.20808944440445,5.44605447316747e-50,1.64387693957142e-49
"H01",7,0,0,0.00922310385817633,0,"H01_j07_rho+0.00",1.65550655976962,1.53953740080759e-68,4.64705236288867e-68
"H01",8,0,0,0.01731971460937,0,"H01_j08_rho+0.00",2.26862504439092,5.26248907328606e-52,1.58846821583298e-51
"H01",9,0,0,0.0325240308211532,0,"H01_j09_rho+0.00",3.10881256354184,3.28799717581997e-21,9.92473131023012e-21
"H01",10,0,0,0.0610756357545896,0,"H01_j10_rho+0.00",4.26016435775985,0,0
"H01",11,0,0,0.114691604596599,0,"H01_j11_rho+0.00",5.83792042272578,0,0
"H01",12,0,0,0.215374985498274,0,"H01_j12_rho+0.00",8,0.331293058092527,0.99999921249714
"H11",1,-0.5,0.00271571170303422,0.000210327134275659,-0.000377884856807618,"H11_j01_rho-0.50",0.25,4.85755651297181e-09,3.52270108008215e-08
"H11",2,-0.5,0.00509973132484915,0.000394965295444622,-0.00070961554545529,"H11_j02_rho-0.50",0.342587746180031,2.76579412447368e-14,2.00575452360668e-13
"H11",3,-0.5,0.00957659075394128,0.000741690249063178,-0.00133255994062808,"H11_j03_rho-0.50",0.469465455330853,9.09284556545583e-17,6.59413365730559e-16
"H11",4,-0.5,0.0179835141552651,0.00139279180196359,-0.00250236343713046,"H11_j04_rho-0.50",0.643332449004716,8.03118096361294e-24,5.8242142483168e-23
"H11",5,-0.5,0.0337705546454015,0.00261547054995967,-0.00469909276166292,"H11_j05_rho-0.50",0.881591254996021,8.49483839208847e-34,6.16045872014479e-33
"H11",6,-0.5,0.0634164352535155,0.00491149229056502,-0.008824246891984,"H11_j06_rho-0.50",1.20808944440445,0,0
"H11",7,-0.5,0.119087302607005,0.00922310385817633,-0.0165707163403885,"H11_j07_rho-0.50",1.65550655976962,0,0
"H11",8,-0.5,0.223629498970083,0.01731971460937,-0.0311175155675957,"H11_j08_rho-0.50",2.26862504439092,0,0
"H11",9,-0.5,0.419945298237602,0.0325240308211532,-0.0584343944588248,"H11_j09_rho-0.50",3.10881256354184,2.27237240672109e-19,1.64792498247394e-18
"H11",10,-0.5,0.788599242604666,0.0610756357545896,-0.109731718406379,"H11_j10_rho-0.50",4.26016435775985,2.97901555268433e-18,2.16038275149214e-17
"H11",11,-0.5,1.48088041001186,0.114691604596599,-0.206061004583552,"H11_j11_rho-0.50",5.83792042272578,0,0
"H11",12,-0.5,2.78088878390704,0.215374985498274,-0.386954093371001,"H11_j12_rho-0.50",8,0.137892940044087,0.999999912572974
"H11",1,0,0.00271571170303422,0.000210327134275659,0,"H11_j01_rho+0.00",0.25,9.13619111204446e-10,6.62556785747944e-09
"H11",2,0,0.00509973132484915,0.000394965295444622,0,"H11_j02_rho+0.00",0.342587746180031,2.08060221488895e-15,1.50885319605403e-14
"H11",3,0,0.00957659075394128,0.000741690249063178,0,"H11_j03_rho+0.00",0.469465455330853,1.49453864588692e-17,1.08383976347594e-16
"H11",4,0,0.0179835141552651,0.00139279180196359,0,"H11_j04_rho+0.00",0.643332449004716,3.88921990353036e-25,2.82046315225708e-24
"H11",5,0,0.0337705546454015,0.00261547054995967,0,"H11_j05_rho+0.00",0.881591254996021,5.96832304238419e-34,4.32822921803194e-33
"H11",6,0,0.0634164352535155,0.00491149229056502,0,"H11_j06_rho+0.00",1.20808944440445,0,0
"H11",7,0,0.119087302607005,0.00922310385817633,0,"H11_j07_rho+0.00",1.65550655976962,0,0
"H11",8,0,0.223629498970083,0.01731971460937,0,"H11_j08_rho+0.00",2.26862504439092,0,0
"H11",9,0,0.419945298237602,0.0325240308211532,0,"H11_j09_rho+0.00",3.10881256354184,1.96332258630215e-18,1.42380198292021e-17
"H11",10,0,0.788599242604666,0.0610756357545896,0,"H11_j10_rho+0.00",4.26016435775985,0,0
"H11",11,0,1.48088041001186,0.114691604596599,0,"H11_j11_rho+0.00",5.83792042272578,0,0
"H11",12,0,2.78088878390704,0.215374985498274,0,"H11_j12_rho+0.00",8,0,0
"H11",1,0.5,0.00271571170303422,0.000210327134275659,0.000377884856807618,"H11_j01_rho+0.50",0.25,1.46093579795037e-10,1.05947097056456e-09
"H11",2,0.5,0.00509973132484915,0.000394965295444622,0.00070961554545529,"H11_j02_rho+0.50",0.342587746180031,1.02370580367405e-14,7.42391679985353e-14
"H11",3,0.5,0.00957659075394128,0.000741690249063178,0.00133255994062808,"H11_j03_rho+0.50",0.469465455330853,1.45169476431076e-18,1.05276937088242e-17
"H11",4,0.5,0.0179835141552651,0.00139279180196359,0.00250236343713046,"H11_j04_rho+0.50",0.643332449004716,9.47041647229103e-27,6.867948164201e-26
"H11",5,0.5,0.0337705546454015,0.00261547054995967,0.00469909276166292,"H11_j05_rho+0.50",0.881591254996021,1.19029234152294e-34,8.6320027484994e-34
"H11",6,0.5,0.0634164352535155,0.00491149229056502,0.008824246891984,"H11_j06_rho+0.50",1.20808944440445,0,0
"H11",7,0.5,0.119087302607005,0.00922310385817633,0.0165707163403885,"H11_j07_rho+0.50",1.65550655976962,0,0
"H11",8,0.5,0.223629498970083,0.01731971460937,0.0311175155675957,"H11_j08_rho+0.50",2.26862504439092,0,0
"H11",9,0.5,0.419945298237602,0.0325240308211532,0.0584343944588248,"H11_j09_rho+0.50",3.10881256354184,1.77424076716677e-18,1.28667980498705e-17
"H11",10,0.5,0.788599242604666,0.0610756357545896,0.109731718406379,"H11_j10_rho+0.50",4.26016435775985,5.32591075230542e-09,3.862351680205e-08
"H11",11,0.5,1.48088041001186,0.114691604596599,0.206061004583552,"H11_j11_rho+0.50",5.83792042272578,8.12350603789647e-10,5.89116841303495e-09
"H11",12,0.5,2.78088878390704,0.215374985498274,0.386954093371001,"H11_j12_rho+0.50",8,1.77788240819384e-27,1.28932072388219e-26
