"scenario","mixture","profile","n","m","tau","q","comparison","n_pairs","delta_FDR_mean","delta_FDR_mcse","delta_FDR_lo","delta_FDR_hi","delta_power_mean","delta_power_mcse","delta_power_lo","delta_power_hi"
"binary","dense","paper_adjusted",300,1000,1.3,0.05,"ASHMED - HDMT",40,0.0307191573233567,0.00550663125837228,0.0195809442770565,0.0418573703696569,0.0551760087117835,0.00750276185524533,0.0400002404319806,0.0703517769915864
"confounded","dense","paper_adjusted",300,1000,1.3,0.05,"ASHMED - HDMT",40,-0.02078351360028,0.00314000619636243,-0.0271347756225215,-0.0144322515780386,-0.144351934403423,0.00975329015237234,-0.16407982583511,-0.124624042971735
"linear","dense","paper_adjusted",300,1000,1.3,0.05,"ASHMED - HDMT",40,-0.023065301788901,0.00317975427050442,-0.0294969618797984,-0.0166336416980036,-0.144097778761261,0.00873525916270447,-0.161766508153832,-0.126429049368691
"binary","sparse","paper_adjusted",300,1000,1.3,0.05,"ASHMED - HDMT",40,0.0100378787878788,0.00910753736176757,-0.00838385433766403,0.0284596119134216,0.041552878295458,0.0144960335200662,0.0122318829178717,0.0708738736730444
"confounded","sparse","paper_adjusted",300,1000,1.3,0.05,"ASHMED - HDMT",40,-0.0523024891774892,0.0162166023955654,-0.0851036635968457,-0.0195013147581326,-0.109086284273063,0.0200133121708981,-0.149567029081,-0.0686055394651263
"linear","sparse","paper_adjusted",300,1000,1.3,0.05,"ASHMED - HDMT",40,-0.0147123015873016,0.0200225307482517,-0.0552116927279471,0.0257870895533439,-0.1178043168839,0.0188300060457643,-0.155891599136905,-0.0797170346308951
"binary","dense","paper_adjusted",300,1000,1.5,0.05,"ASHMED - HDMT",40,0.00501953250662564,0.00304019823158323,-0.00112984885150958,0.0111689138647609,0.0471917691563749,0.00810420489053437,0.0307994675101736,0.0635840708025763
"confounded","dense","paper_adjusted",300,1000,1.5,0.05,"ASHMED - HDMT",40,-0.0230462342517411,0.00292054703483592,-0.028953598220644,-0.0171388702828382,-0.148964208793783,0.00811606514782115,-0.165380500074708,-0.132547917512858
"linear","dense","paper_adjusted",300,1000,1.5,0.05,"ASHMED - HDMT",40,-0.0195797511103096,0.00274904206824745,-0.0251402135405528,-0.0140192886800664,-0.146629732543258,0.00961667748874261,-0.16608129878066,-0.127178166305856
"binary","sparse","paper_adjusted",300,1000,1.5,0.05,"ASHMED - HDMT",40,0.000813492063492063,0.0076549953676033,-0.0146701975594826,0.0162971816864667,0.0255979584284538,0.019888064834135,-0.0146294497286536,0.0658253665855611
"confounded","sparse","paper_adjusted",300,1000,1.5,0.05,"ASHMED - HDMT",40,-0.0378056884635832,0.0127301181803029,-0.0635547829178768,-0.0120565940092896,-0.151548862710721,0.0278109286173943,-0.207801775502915,-0.095295949918527
"linear","sparse","paper_adjusted",300,1000,1.5,0.05,"ASHMED - HDMT",40,-0.0218668831168831,0.00893274300709185,-0.0399350612883497,-0.00379870494541657,-0.105488516069937,0.0154857095601987,-0.136811320187677,-0.0741657119521965
"binary","dense","paper_adjusted",300,1000,1.9,0.05,"ASHMED - HDMT",40,0.0261088164725831,0.00387207337793143,0.0182768088093251,0.033940824135841,0.0360901184844597,0.00488140599943792,0.0262165428923836,0.0459636940765357
"confounded","dense","paper_adjusted",300,1000,1.9,0.05,"ASHMED - HDMT",40,-0.0150931077635896,0.00242692089261418,-0.0200020186167278,-0.0101841969104514,-0.0412127683861067,0.00847018093394387,-0.0583453264522634,-0.0240802103199499
"linear","dense","paper_adjusted",300,1000,1.9,0.05,"ASHMED - HDMT",40,-0.0128941287780205,0.00306263727349871,-0.0190888973824925,-0.00669936017354856,-0.039519307386926,0.00959514262783738,-0.0589273152567103,-0.0201112995171417
"binary","sparse","paper_adjusted",300,1000,1.9,0.05,"ASHMED - HDMT",40,-0.0140805603229087,0.00625200212136675,-0.0267264282458478,-0.00143469239996964,-0.00315813056976531,0.0167421691012052,-0.0370223639924931,0.0307061028529624
"confounded","sparse","paper_adjusted",300,1000,1.9,0.05,"ASHMED - HDMT",40,-0.0445335962219408,0.00986388253606902,-0.0644851818639568,-0.0245820105799248,-0.143438657186887,0.0215344201864996,-0.186996133366376,-0.0998811810073976
"linear","sparse","paper_adjusted",300,1000,1.9,0.05,"ASHMED - HDMT",40,-0.0353889818490539,0.00992225860672153,-0.0554586442391261,-0.0153193194589816,-0.0784224462552299,0.0175613095677057,-0.113943547661783,-0.042901344848677
"binary","dense","paper_adjusted",300,1000,1.3,0.05,"ASHMED - MDACT",40,0.0179282927241866,0.00560672285916567,0.00658762530578967,0.0292689601425835,-0.00656489928657747,0.00761056564130461,-0.0219587213055881,0.00882892273243312
"confounded","dense","paper_adjusted",300,1000,1.3,0.05,"ASHMED - MDACT",40,-0.0317829955206809,0.00362649914002097,-0.0391182824027224,-0.0244477086386393,-0.213055441371657,0.00922125854475613,-0.231707197301446,-0.194403685441867
"linear","dense","paper_adjusted",300,1000,1.3,0.05,"ASHMED - MDACT",40,-0.0328318174691133,0.00342216627072276,-0.0397538021117603,-0.0259098328264663,-0.202259116020257,0.00926468837078101,-0.220998717064806,-0.183519514975708
"binary","sparse","paper_adjusted",300,1000,1.3,0.05,"ASHMED - MDACT",40,0.0136093073593074,0.00802882833184695,-0.00263053080605337,0.0298491455246681,0.0139768724362041,0.00987611417821346,-0.00599945403731457,0.0339531989097228
"confounded","sparse","paper_adjusted",300,1000,1.3,0.05,"ASHMED - MDACT",40,-0.0555846930846931,0.0272678580159627,-0.110739141902432,-0.000430244266953816,-0.134504775491335,0.0182449117697971,-0.171408592864975,-0.0976009581176943
"linear","sparse","paper_adjusted",300,1000,1.3,0.05,"ASHMED - MDACT",40,-0.015774707318825,0.0194547057210706,-0.0551255639328217,0.0235761492951718,-0.156648493167104,0.0205838819699706,-0.198283324326872,-0.115013662007336
"binary","dense","paper_adjusted",300,1000,1.5,0.05,"ASHMED - MDACT",40,-0.0019614351269558,0.00304708014402768,-0.00812473646690489,0.00420186621299328,0.00192605371631997,0.00903236992454729,-0.0163436389164749,0.0201957463491149
"confounded","dense","paper_adjusted",300,1000,1.5,0.05,"ASHMED - MDACT",40,-0.030728610462196,0.00329888984503957,-0.037401244997959,-0.024055975926433,-0.194110156494042,0.00916504835665108,-0.212648216586738,-0.175572096401346
"linear","dense","paper_adjusted",300,1000,1.5,0.05,"ASHMED - MDACT",40,-0.0300470316462685,0.00297704832974292,-0.0360686802713501,-0.0240253830211868,-0.189166909358322,0.00896465089739171,-0.207299627329775,-0.171034191386868
"binary","sparse","paper_adjusted",300,1000,1.5,0.05,"ASHMED - MDACT",40,0.000124007936507937,0.00672007016151565,-0.0134686169611997,0.0137166328342156,-0.0354403777194025,0.0180461292808098,-0.071942119557506,0.00106136411870107
"confounded","sparse","paper_adjusted",300,1000,1.5,0.05,"ASHMED - MDACT",40,-0.0282055852644088,0.00775166700375027,-0.043884811728043,-0.0125263588007746,-0.184284993265663,0.0207955519363501,-0.226347967344472,-0.142222019186855
"linear","sparse","paper_adjusted",300,1000,1.5,0.05,"ASHMED - MDACT",40,-0.0324217204364263,0.0087703008835554,-0.0501613283995842,-0.0146821124732684,-0.154275599790011,0.0178139517057346,-0.190307718155174,-0.118243481424848
"binary","dense","paper_adjusted",300,1000,1.9,0.05,"ASHMED - MDACT",40,0.0238646414666948,0.00399119334922404,0.0157916909191082,0.0319375920142814,0.0249573235676551,0.00529088100621554,0.014255506597388,0.0356591405379222
"confounded","dense","paper_adjusted",300,1000,1.9,0.05,"ASHMED - MDACT",40,-0.0181481017924384,0.00252006304146959,-0.0232454104243391,-0.0130507931605376,-0.0574721172153693,0.00967886923220631,-0.0770494781275762,-0.0378947563031624
"linear","dense","paper_adjusted",300,1000,1.9,0.05,"ASHMED - MDACT",40,-0.0168225457735031,0.00342511932869867,-0.0237505035397043,-0.00989458800730193,-0.0518019651426065,0.0110210015161649,-0.0740940448390646,-0.0295098854461485
"binary","sparse","paper_adjusted",300,1000,1.9,0.05,"ASHMED - MDACT",40,-0.0172106485761587,0.0077803219894182,-0.0329478352191173,-0.00147346193320021,-0.031841989783056,0.0166178790828752,-0.0654548229142565,0.00177084334814449
"confounded","sparse","paper_adjusted",300,1000,1.9,0.05,"ASHMED - MDACT",40,-0.0340909258440218,0.00755067725364997,-0.0493636121651077,-0.0188182395229359,-0.137078249773167,0.0158924801532436,-0.169223825075997,-0.104932674470337
"linear","sparse","paper_adjusted",300,1000,1.9,0.05,"ASHMED - MDACT",40,-0.0315502354766724,0.00826114176157988,-0.0482599719069565,-0.0148404990463883,-0.122488567162261,0.0173393785607174,-0.157560770736105,-0.0874163635884183
"binary","dense","paper_adjusted",300,1000,1.3,0.05,"ASHMED - MLFDR",40,0.01122679745657,0.00470850452818171,0.00170294810046489,0.0207506468126751,-0.2364310944776,0.00862783003913796,-0.253882527957385,-0.218979660997815
"confounded","dense","paper_adjusted",300,1000,1.3,0.05,"ASHMED - MLFDR",40,-0.0422367787822886,0.00333206226787246,-0.0489765108765114,-0.0354970466880659,-0.45340069200572,0.00804141230717807,-0.469665983663721,-0.437135400347719
"linear","dense","paper_adjusted",300,1000,1.3,0.05,"ASHMED - MLFDR",40,-0.0354641364158323,0.00305334467420061,-0.0416401089640804,-0.0292881638675841,-0.45791126515809,0.00855564020713478,-0.475216680920163,-0.440605849396017
"binary","sparse","paper_adjusted",300,1000,1.3,0.05,"ASHMED - MLFDR",40,-0.0251844336219336,0.0129918407350934,-0.0514629119113707,0.00109404466750344,-0.196365273862119,0.0165464793335734,-0.229833687368714,-0.162896860355524
"confounded","sparse","paper_adjusted",300,1000,1.3,0.05,"ASHMED - MLFDR",40,-0.0651163743489427,0.0191385177049883,-0.103827680333785,-0.0264050683641001,-0.331694747532424,0.0239784807280744,-0.380195802777377,-0.283193692287471
"linear","sparse","paper_adjusted",300,1000,1.3,0.05,"ASHMED - MLFDR",40,-0.0379845336664054,0.0202088152751831,-0.0788607208282184,0.00289165349540765,-0.391017119220569,0.0214693215065171,-0.434442920891151,-0.347591317549987
"binary","dense","paper_adjusted",300,1000,1.5,0.05,"ASHMED - MLFDR",40,-0.00496448059413638,0.00385564790843412,-0.0127632646093848,0.00283430342111204,-0.195285789017602,0.00976075115975759,-0.215028771761182,-0.175542806274022
"confounded","dense","paper_adjusted",300,1000,1.5,0.05,"ASHMED - MLFDR",40,-0.0380377983216916,0.0028715451411778,-0.0438460466052277,-0.0322295500381556,-0.415006611452795,0.00929036700889955,-0.433798152445505,-0.396215070460084
"linear","dense","paper_adjusted",300,1000,1.5,0.05,"ASHMED - MLFDR",40,-0.0437349475760045,0.00251606204106828,-0.0488241634207224,-0.0386457317312865,-0.405555574872819,0.0115829663225814,-0.428984335680596,-0.382126814065042
"binary","sparse","paper_adjusted",300,1000,1.5,0.05,"ASHMED - MLFDR",40,-0.0116301753801754,0.00797617565264844,-0.0277635134494057,0.00450316268905489,-0.219932414841033,0.0161106679522374,-0.252519316623751,-0.187345513058315
"confounded","sparse","paper_adjusted",300,1000,1.5,0.05,"ASHMED - MLFDR",40,-0.0422691839100087,0.0107648919732337,-0.0640432331594451,-0.0204951346605723,-0.361111821751688,0.0195149536626784,-0.400584541330125,-0.32163910217325
"linear","sparse","paper_adjusted",300,1000,1.5,0.05,"ASHMED - MLFDR",40,-0.0339048155147226,0.0108446253525703,-0.0558401407465669,-0.0119694902828783,-0.348806342935979,0.0221452793153789,-0.393599398328873,-0.304013287543084
"binary","dense","paper_adjusted",300,1000,1.9,0.05,"ASHMED - MLFDR",40,0.0195941275113635,0.00480226425633221,0.00988063120446327,0.0293076238182638,-0.0736954385433102,0.0091665086189587,-0.0922364522953167,-0.0551544247913038
"confounded","dense","paper_adjusted",300,1000,1.9,0.05,"ASHMED - MLFDR",40,-0.02659589612358,0.00243364645819261,-0.0315184107171458,-0.0216733815300142,-0.166015885482621,0.0144267723658574,-0.195196786952478,-0.136834984012764
"linear","dense","paper_adjusted",300,1000,1.9,0.05,"ASHMED - MLFDR",40,-0.0197942433503475,0.00340526039595332,-0.026682032633603,-0.0129064540670919,-0.162610296684881,0.0165785223800966,-0.196143523370728,-0.129077069999033
"binary","sparse","paper_adjusted",300,1000,1.9,0.05,"ASHMED - MLFDR",40,-0.0161290441536418,0.00709918293160827,-0.0304884970090858,-0.00176959129819782,-0.17438436894113,0.0198598465612238,-0.21455470025384,-0.134214037628419
"confounded","sparse","paper_adjusted",300,1000,1.9,0.05,"ASHMED - MLFDR",40,-0.0297914979853582,0.0107086341902965,-0.051451755128066,-0.00813124084265034,-0.27732308157246,0.0175889456419778,-0.312900082215509,-0.241746080929412
"linear","sparse","paper_adjusted",300,1000,1.9,0.05,"ASHMED - MLFDR",40,-0.0300975606201579,0.0140549916565079,-0.0585264646249688,-0.00166865661534691,-0.217121234440019,0.0253216051011102,-0.268339015158791,-0.165903453721247
