"case_id","converged","iterations","mu","theta","kappa","psi","pi00","pi10","pi01","pi11","selected_start","loglik"
"linear_sparse_n300_t01_r0001",TRUE,67,0.240674735823498,0.662111667961408,0.00336966232207962,0.000280014614469578,0.870638644137931,0.0593613558621263,0.0420159814806552,0.0279840185192875,3,-3941.28368730256
"confounded_sparse_n300_t01_r0001",TRUE,24,0.263070715084248,0.648605111193177,0,9.40781414151853e-05,0.878063946776709,0.0519360532232939,0.0479911034404587,0.022008896559538,3,-3884.56957334177
"binary_sparse_n300_t01_r0001",TRUE,102,0.182650864954089,0.645767837022327,0.00386187426993039,0,0.839758189201072,0.0922071011486895,0.0372901712581572,0.0307445383920809,2,-4653.62327108796
"linear_dense_n300_t01_r0001",TRUE,27,0.268562778478479,0.644161585219486,0.000349097871325682,2.76664332529943e-05,0.40991610747858,0.190083892521424,0.202652810944047,0.197347189055948,3,-4606.64524199705
"confounded_dense_n300_t01_r0001",TRUE,33,0.261277747055083,0.651061583437659,0.00154928062154228,0.000237788366586602,0.396058852585784,0.203941147413605,0.212315288731016,0.187684711269595,2,-4627.93340163756
"binary_dense_n300_t01_r0001",TRUE,16,0.261713482415693,0.654896610407344,0,0.000486738501558639,0.374108205984824,0.225607437437939,0.206887641213022,0.193396715364216,2,-5339.82872340643
"linear_sparse_n300_t02_r0001",TRUE,104,0.25072397415024,0.745697222632322,0.00674481600258391,0.000520765631286368,0.874277546403915,0.0557224535960845,0.0411916401276424,0.0288083598723576,2,-3936.89836665177
"confounded_sparse_n300_t02_r0001",TRUE,14,0.307210980698451,0.749007755769686,0,0,0.884448968979782,0.045551031020218,0.0490318520685751,0.0209681479314249,1,-3921.98214975419
"binary_sparse_n300_t02_r0001",TRUE,37,0.293790931610853,0.754236629121857,0.00219108234288146,0,0.88378352642356,0.0460937811159412,0.0528938496173839,0.0172288428431153,1,-4678.56740624126
"linear_dense_n300_t02_r0001",TRUE,42,0.270098389151668,0.749539228852659,0.00319375533357647,0.000301922674051601,0.372528728586531,0.227471271413469,0.165471103813435,0.234528896186565,3,-4618.66363557873
"confounded_dense_n300_t02_r0001",TRUE,35,0.294200974430523,0.749281325841279,0.00356265070088863,0,0.392049808034949,0.207950191965051,0.192660824093019,0.207339175906981,2,-4649.20655833158
"binary_dense_n300_t02_r0001",TRUE,23,0.301625591057238,0.742393511760916,0.000359888430921,0,0.396218243176035,0.204419149250071,0.20098253977509,0.198380067798803,3,-5426.57982981555
"linear_sparse_n300_t03_r0001",TRUE,9,0.397043181163482,0.951553723004697,0,0,0.882926785929817,0.0470732140701831,0.0503353569060368,0.0196646430939632,2,-3962.75717388089
"confounded_sparse_n300_t03_r0001",TRUE,9,0.415817167174533,0.941850836419655,0,0.000351156302075889,0.881647945764528,0.0483520542354721,0.050493064983202,0.019506935016798,2,-3947.22733926243
"binary_sparse_n300_t03_r0001",TRUE,24,0.352827174013228,0.901537978655792,0.00219448684877412,0,0.873057280399398,0.0569461822831821,0.0490752056296544,0.0209213316877659,3,-4678.13404953144
"linear_dense_n300_t03_r0001",TRUE,13,0.386008022870309,0.955470129240779,0.00115356927377455,0.00016720314737618,0.397842658540768,0.202157341459232,0.196912273613963,0.203087726386037,2,-4758.42791808599
"confounded_dense_n300_t03_r0001",TRUE,9,0.372239395632936,0.954909890018812,0,0.000162435914903706,0.39826810460413,0.20173189539587,0.191608700078504,0.208391299921496,2,-4761.64487426011
"binary_dense_n300_t03_r0001",TRUE,13,0.384954267407283,0.96041776435306,0.00052194833110786,0.00108810574377251,0.401373128614083,0.198794164698614,0.198788987829615,0.201043718857687,2,-5536.55772486313
"linear_sparse_n300_t01_r0002",TRUE,24,0.215526578150256,0.668358453617747,0,0,0.851218444697349,0.078781555302651,0.0496282596895062,0.0203717403104939,2,-3895.74769393526
"confounded_sparse_n300_t01_r0002",TRUE,36,0.204046339218251,0.658480226956213,0,0,0.853517600226543,0.0764823997734515,0.0383784761643191,0.0316215238356864,3,-3862.90267372358
"binary_sparse_n300_t01_r0002",TRUE,181,0.169653786908292,0.6383587762943,0.00751825809824519,0,0.846537597213313,0.0828743104186119,0.0440040310989782,0.0265840612690968,3,-4599.91906119111
"linear_dense_n300_t01_r0002",TRUE,34,0.244823580689902,0.649459668735101,0.000927378796919054,0,0.385613729964211,0.214386270035789,0.199244897436025,0.200755102563975,2,-4554.70440834289
"confounded_dense_n300_t01_r0002",TRUE,17,0.254176238774178,0.646626595122762,0,0.000371723539618579,0.403653319595643,0.196346680403793,0.19612166072508,0.203878339275484,2,-4582.16170661638
"binary_dense_n300_t01_r0002",TRUE,17,0.264540120503979,0.651780549784811,0,0,0.403141948378879,0.198488033446325,0.199437437936585,0.198932580238211,2,-5342.69446324572
"linear_sparse_n300_t02_r0002",TRUE,66,0.278536130422571,0.748196897644357,0.00413175207330913,0.000223338188183679,0.86519358087735,0.0648064191226498,0.0504979253947185,0.0195020746052815,3,-3959.17815187657
"confounded_sparse_n300_t02_r0002",TRUE,18,0.268005158069405,0.741542945779246,0,0,0.876555699343163,0.0534443006568368,0.048932377613656,0.0210676223863441,1,-3910.50639354852
"binary_sparse_n300_t02_r0002",TRUE,59,0.274479085817842,0.712150940260139,0.00711912690371303,0,0.88110540748825,0.0489707861666225,0.0476722911816552,0.0222515151634728,1,-4635.49653626549
"linear_dense_n300_t02_r0002",TRUE,15,0.29368233118466,0.751773067759655,0,0,0.396892357595109,0.203107642404891,0.200740177387029,0.199259822612971,3,-4640.22658843565
"confounded_dense_n300_t02_r0002",TRUE,13,0.308593909359651,0.752849868048551,0,0,0.411522534467182,0.188477465532818,0.210654767209288,0.189345232790712,1,-4643.82231980216
"binary_dense_n300_t02_r0002",TRUE,14,0.295803036294567,0.746026049820026,0,0,0.396796540224332,0.203960118135639,0.206611752295016,0.192631589345012,2,-5395.2551614453
"linear_sparse_n300_t03_r0002",TRUE,12,0.340587514607057,0.95209735956825,0,0,0.868766342662913,0.0612336573370865,0.0517996657750578,0.0182003342249422,1,-3985.59372477724
"confounded_sparse_n300_t03_r0002",TRUE,11,0.377454203073368,0.935148178728139,0,0,0.879317912777629,0.0506820872223705,0.0498014982922256,0.0201985017077744,3,-3968.51075384795
"binary_sparse_n300_t03_r0002",TRUE,29,0.382433582058327,0.948382597374773,0.00363646362504979,0,0.878372612638585,0.0516299207399159,0.051154027910974,0.0188434387105249,1,-4745.20385400664
"linear_dense_n300_t03_r0002",TRUE,9,0.380566441213973,0.949124656216861,0,0,0.403344204128664,0.196655795871336,0.196818953042404,0.203181046957596,2,-4762.10299666601
"confounded_dense_n300_t03_r0002",TRUE,13,0.381563846154472,0.953572590545574,0.000394809986256924,0,0.401125679506933,0.198874320493067,0.203575774056267,0.196424225943733,2,-4759.58224713864
"binary_dense_n300_t03_r0002",TRUE,9,0.379148717503671,0.941386675563913,0,0.00146202940691102,0.406222561543019,0.193792633126471,0.198996744345685,0.200988060984825,2,-5549.47791442199
"linear_sparse_n300_t01_r0003",TRUE,19,0.270533285217099,0.646072118977226,0,0.000119095107832998,0.892943976774437,0.0370560232255624,0.0513851917686856,0.0186148082313148,1,-3882.92178166718
"confounded_sparse_n300_t01_r0003",TRUE,22,0.284402101957782,0.657194239712043,0,0,0.891760112690534,0.0382398873094659,0.0485628127806369,0.0214371872193634,3,-3914.77979219476
"binary_sparse_n300_t01_r0003",TRUE,21,0.249039244348131,0.658592622112645,0,0,0.876920851994827,0.0524862357677885,0.0461600073146802,0.0244329049227048,1,-4621.92414100922
"linear_dense_n300_t01_r0003",TRUE,41,0.254208225607214,0.650415438595199,0.0013464722678908,9.17333947886299e-06,0.390261889419985,0.209738110580019,0.187225075184748,0.212774924815248,2,-4565.07260286996
"confounded_dense_n300_t01_r0003",TRUE,17,0.257099261126523,0.647669276243575,0,1.52619994160881e-05,0.392737161432201,0.207262838567869,0.185075958642222,0.214924041357707,1,-4578.64339948702
"binary_dense_n300_t01_r0003",TRUE,19,0.253210097241417,0.642539297432606,0,0.00192195376899741,0.401099726567671,0.200857264037801,0.203737754675158,0.19430525471937,3,-5342.19172259899
"linear_sparse_n300_t02_r0003",TRUE,21,0.27852503655672,0.755965089566997,0,0,0.874976298068544,0.0550237019314564,0.0512397336323152,0.0187602663676848,2,-3953.1690918844
"confounded_sparse_n300_t02_r0003",TRUE,28,0.30129103218085,0.739374057360841,0.00104642270230918,0,0.888306847805786,0.0416931521942142,0.0452366309592569,0.0247633690407431,3,-3926.20788263725
"binary_sparse_n300_t02_r0003",TRUE,21,0.273730223562572,0.701305924794801,4.86558469804415e-05,0,0.876461554773741,0.0537224981671897,0.0529807476299061,0.0168351994291629,1,-4611.10657948815
"linear_dense_n300_t02_r0003",TRUE,13,0.30290508463107,0.751402854897426,0,0.000133735446468953,0.407403269374617,0.192596730625383,0.203886064311131,0.196113935688869,2,-4627.88259237915
"confounded_dense_n300_t02_r0003",TRUE,19,0.311253239803201,0.752014289753206,0.000240636217540237,0.000164073337053075,0.402372829802685,0.197627170197315,0.204359779655187,0.195640220344813,3,-4685.43138309877
"binary_dense_n300_t02_r0003",TRUE,16,0.280655343450411,0.747076982375554,0,0.000466326021068918,0.390823951990615,0.208516495597275,0.183293489437714,0.217366062974396,3,-5383.12092378291
"linear_sparse_n300_t03_r0003",TRUE,10,0.393641324483976,0.952994445149351,0,0,0.880140220776386,0.0498597792236136,0.0518386216745468,0.0181613783254532,3,-4005.61316726475
"confounded_sparse_n300_t03_r0003",TRUE,17,0.346899696168893,0.95198862126805,0.00218790534592008,0,0.864659956015153,0.065340043984847,0.0460890428203718,0.0239109571796282,2,-3991.26302599018
"binary_sparse_n300_t03_r0003",TRUE,19,0.390471552670772,0.972257900113524,0.000490827979057303,0,0.887127516226118,0.0428773140603772,0.0493467547587237,0.0206484149547816,2,-4640.32919612843
"linear_dense_n300_t03_r0003",TRUE,18,0.38143450035095,0.95008561438866,0.00314185136751319,0.000228752437225,0.404672808149925,0.195327191850075,0.197242142730087,0.202757857269913,1,-4781.02450373028
"confounded_dense_n300_t03_r0003",TRUE,9,0.393004028065783,0.954332551995835,0,0,0.405545321813878,0.194454678186122,0.20447000706978,0.19552999293022,1,-4759.02874817522
"binary_dense_n300_t03_r0003",TRUE,16,0.37088711424851,0.942846649357368,0.000583039824591101,0,0.404968762634552,0.195184804186236,0.193559200956119,0.206287232223093,2,-5538.86488152339
