"file","unchanged"
"R/methods/plugins/ashmed.R",TRUE
"R/estimation.R",TRUE
"R/experiment.R",TRUE
"R/reporting.R",TRUE
"R/methods/registry.R",TRUE
"R/methods/builtin.R",TRUE
"R/simulation.R",TRUE
"R/config.R",TRUE
"notebooks/01_simulation_workbench.ipynb",TRUE
"notebooks/02_teaching_mediation.ipynb",TRUE
"notebooks/03_ashmed_comparison.ipynb",TRUE
"notebooks/03_ashmed_comparison.html",TRUE
"docs/current_ashmed.rds",TRUE
"docs/current_ashmed.txt",TRUE
"data/data_f87521c2b4eb/manifest.rds",TRUE
"data/data_c054ed713a76/manifest.rds",TRUE
"results/run_76428dee9701/experiment.rds",TRUE
"results/run_17d85e6975d0/experiment.rds",TRUE
