"scenario","mixture","profile","n","m","tau","method","q","n_total","n_success","n_error","n_warning","FDR_n","FDR_mean","FDR_sd","FDR_mcse","FDR_lo","FDR_hi","power_n","power_mean","power_sd","power_mcse","power_lo","power_hi","discoveries_n","discoveries_mean","discoveries_sd","discoveries_mcse","discoveries_lo","discoveries_hi","elapsed_seconds_n","elapsed_seconds_mean","elapsed_seconds_sd","elapsed_seconds_mcse","elapsed_seconds_lo","elapsed_seconds_hi","dataset","stage","arm"
"binary","dense","paper_adjusted",300,1000,1.3,"ASHMED",0.05,3,3,0,0,3,0.062654367448888,0.0646767751923411,0.037341153567615,0,0.223320383778581,3,0.35778613909455,0.16388887501417,0.0946212861066158,0,0.764908674053586,3,87,51.3906606301184,29.6704117486316,-40.6614781030401,214.66147810304,3,1.11333333333333,0.850490054811538,0.491030662088541,-0.999401085292615,3.22606775195928,"paper_adjusted","structure","shifted_rect"
"binary","dense","paper_adjusted",300,1000,1.3,"ASHMED_Adaptive",0.05,3,3,0,0,3,0.231039907269415,0.221187050222467,0.127702402987201,0,0.78049900007786,3,0.796391147793017,0.225004707979438,0.129906528720862,0.237448467379925,1,3,259.333333333333,163.368703653219,94.3209650313463,-146.497024331392,665.163690998059,3,8.36,8.50254079672658,4.90894421778587,-12.7614822388442,29.4814822388442,"paper_adjusted","structure","shifted_rect"
"binary","dense","paper_adjusted",300,1000,1.3,"HDMT",0.05,3,3,0,0,3,0.0263666189266013,0.00688129873093088,0.00397291967467718,0.00927252524327623,0.0434607126099264,3,0.335249693193618,0.153219655832637,0.0884614095401149,0,0.715868418428879,3,76.3333333333333,39.0042732701602,22.5191276720727,-20.558652816487,173.225319483154,3,0.0500000000000001,0.0346410161513773,0.0199999999999999,-0.0360530545949886,0.136053054594989,"paper_adjusted","structure","shifted_rect"
"binary","dense","paper_adjusted",300,1000,1.3,"MDACT",0.05,3,3,0,0,3,0.0461249277038751,0.00604430963507456,0.00348968379487575,0.0311100301978905,0.0611398252098597,3,0.404297986540977,0.0997551716069453,0.0575936751803272,0.156492402810039,0.652103570271916,3,93.3333333333333,28.3078316607495,16.3435342295084,23.0127811669854,163.653885499681,3,0.0333333333333334,0.0577350269189626,0.0333333333333334,-0.110088424324982,0.176755090991649,"paper_adjusted","structure","shifted_rect"
"binary","dense","paper_adjusted",300,1000,1.3,"MLFDR",0.05,3,3,0,0,3,0.0487953841158014,0.00103880982893726,0.000599757134373759,0.0462148374444014,0.0513759307872014,3,0.620537821472401,0.115116617256555,0.066462609961271,0.334572291296265,0.906503351648537,3,143.333333333333,34.4431899413125,19.8857849843662,57.7717062871392,228.894960379527,3,0.273333333333333,0.0416333199893228,0.0240370085030933,0.169910433082487,0.376756233584178,"paper_adjusted","structure","shifted_rect"
"binary","dense","paper_adjusted",300,1000,1.5,"ASHMED",0.05,3,3,0,0,3,0.0481343340854323,0.0303882983044666,0.0175446922062985,0,0.123623051899477,3,0.677287308630592,0.100542124519405,0.0580480226561753,0.427526825492441,0.927047791768743,3,150,22.0680764907139,12.7410099024109,95.1798589636267,204.820141036373,3,0.186666666666667,0.0757187779440039,0.0437162568286802,-0.00142920511168243,0.374762538445016,"paper_adjusted","structure","shifted_rect"
"binary","dense","paper_adjusted",300,1000,1.5,"ASHMED_Adaptive",0.05,3,3,0,0,3,0.199295795763746,0.267467384305148,0.154422366328022,0,0.863721611779382,3,0.912612612612613,0.0818135087070816,0.0472350512753814,0.709376590302737,1,3,267,122.233383328778,70.5714767688287,-36.6445571618517,570.644557161852,3,3.02666666666667,0.935752816364092,0.540257140422759,0.702127806660042,5.35120552667329,"paper_adjusted","structure","shifted_rect"
"binary","dense","paper_adjusted",300,1000,1.5,"HDMT",0.05,3,3,0,0,3,0.0335146324254361,0.0084140304663363,0.00485784275470898,0.0126130220361939,0.0544162428146783,3,0.631593000249717,0.0858242584351032,0.0495506587105069,0.41839372328807,0.844792277211363,3,137.666666666667,17.6729548557487,10.2034852433426,93.7646130314401,181.568720301893,3,0.0266666666666667,0.00577350269189665,0.00333333333333356,0.0123244909008342,0.0410088424324992,"paper_adjusted","structure","shifted_rect"
"binary","dense","paper_adjusted",300,1000,1.5,"MDACT",0.05,3,3,0,0,3,0.0423399689016606,0.0198974474538076,0.0114877966436423,0,0.0917679684892347,3,0.672842992245977,0.0653058961256726,0.0377043767078268,0.510614152880544,0.835071831611411,3,148,12.1243556529821,7,117.881430891754,178.118569108246,3,0.00999999999999979,0.00999999999999979,0.00577350269189613,-0.014841377117503,0.0348413771175026,"paper_adjusted","structure","shifted_rect"
"binary","dense","paper_adjusted",300,1000,1.5,"MLFDR",0.05,3,3,0,0,3,0.0414462723504965,0.0201802137565084,0.0116510518446243,0,0.0915767023742217,3,0.861430940535418,0.0313448414594404,0.0180969526543141,0.783566037797187,0.939295843273649,3,189.666666666667,12.0554275466834,6.9602043392737,159.719324466677,219.614008866657,3,0.193333333333333,0.0602771377334171,0.0348010216963685,0.0435966223333828,0.343070044333283,"paper_adjusted","structure","shifted_rect"
"binary","dense","paper_adjusted",300,1000,1.9,"ASHMED",0.05,3,3,0,0,3,0.0468602372864668,0.0166565371064171,0.00961665618215693,0.00548310531324725,0.0882373692596863,3,0.788433408368532,0.177244458169764,0.102332135636683,0.348133765630268,1,3,164.333333333333,34.0783411176855,19.6751394178316,79.6780410089989,248.988625657668,3,0.2,0.103923048454133,0.06,-0.0581591637849678,0.458159163784967,"paper_adjusted","structure","shifted_rect"
"binary","dense","paper_adjusted",300,1000,1.9,"ASHMED_Adaptive",0.05,3,3,0,0,3,0.129029582174124,0.10574265999159,0.0610505532109716,0,0.391708911600026,3,0.9034534739611,0.0529382064457776,0.0305638877418857,0.771947678936719,1,3,208,18.0277563773199,10.4083299973307,163.216570524852,252.783429475148,3,7.93,6.93034631169324,4.00123730863342,-9.28593462836698,25.145934628367,"paper_adjusted","structure","shifted_rect"
"binary","dense","paper_adjusted",300,1000,1.9,"HDMT",0.05,3,3,0,0,3,0.0281612770906247,0.0228670087965022,0.0132022736842221,0,0.0849660759969424,3,0.758875863115563,0.130368556069134,0.0752683209403772,0.43502241655779,1,3,155.333333333333,24.5424801789333,14.1696075378882,94.3664327809602,216.300233885707,3,0.026666666666667,0.0115470053837923,0.00666666666666652,-0.00201768486499548,0.0553510181983295,"paper_adjusted","structure","shifted_rect"
"binary","dense","paper_adjusted",300,1000,1.9,"MDACT",0.05,3,3,0,0,3,0.0320048641282761,0.0224361044407022,0.012953490938406,0,0.0877392372741934,3,0.773886022375665,0.126875994148531,0.0732518893753555,0.458708580595486,1,3,159,23.43074902772,13.5277492584687,100.794792725683,217.205207274317,3,0.00666666666666652,0.0115470053837923,0.00666666666666652,-0.0220176848649959,0.035351018198329,"paper_adjusted","structure","shifted_rect"
"binary","dense","paper_adjusted",300,1000,1.9,"MLFDR",0.05,3,3,0,0,3,0.063030733292232,0.0193101225975793,0.0111487044797971,0.0150617295290631,0.110999737055401,3,0.925984014973316,0.0620049454167163,0.0357985719274292,0.77195519174863,1,3,196.666666666667,5.5075705472861,3.17979733805649,182.985102970028,210.348230363305,3,0.216666666666668,0.0208166599946622,0.0120185042515472,0.164955216541243,0.268378116792093,"paper_adjusted","structure","shifted_rect"
"binary","sparse","paper_adjusted",300,1000,1.3,"ASHMED",0.05,3,3,0,0,3,0,0,0,0,0.707598226178713,3,0.278875713658322,0.122211064822297,0.0705585911731038,0,0.582464828576554,3,6,3,1.73205080756888,-1.45241313525099,13.452413135251,3,0.48,0.323573793747268,0.186815416922694,-0.323801863581713,1.28380186358171,"paper_adjusted","structure","shifted_rect"
"binary","sparse","paper_adjusted",300,1000,1.3,"ASHMED_Adaptive",0.05,3,3,0,0,3,0.481481481481481,0.195104699126903,0.112643750561078,0,0.966148422322322,3,0.65993265993266,0.311347695256329,0.179756675667811,0,1,3,33.6666666666667,30.6648550189518,17.7043622998527,-42.5090561112679,109.842389444601,3,2.61333333333333,0.846896294320228,0.48895580350148,0.509526310670848,4.71714035599582,"paper_adjusted","structure","shifted_rect"
"binary","sparse","paper_adjusted",300,1000,1.3,"HDMT",0.05,3,3,0,0,3,0,0,0,0,0.707598226178713,3,0.248572683355292,0.076502419976839,0.0441686927672858,0.0585301368506646,0.43861522985992,3,5.33333333333333,2.08166599946613,1.20185042515466,0.162188320791071,10.5044783458756,3,0.0500000000000001,0.0346410161513773,0.0199999999999999,-0.0360530545949886,0.136053054594989,"paper_adjusted","structure","shifted_rect"
"binary","sparse","paper_adjusted",300,1000,1.3,"MDACT",0.05,3,3,0,0,3,0,0,0,0,0.707598226178713,3,0.248572683355292,0.076502419976839,0.0441686927672858,0.0585301368506646,0.43861522985992,3,5.33333333333333,2.08166599946613,1.20185042515466,0.162188320791071,10.5044783458756,3,0.0500000000000004,0.0608276253029819,0.0351188458428423,-0.101104197931355,0.201104197931356,"paper_adjusted","structure","shifted_rect"
"binary","sparse","paper_adjusted",300,1000,1.3,"MLFDR",0.05,3,3,0,0,3,0.0416666666666667,0.0721687836487032,0.0416666666666667,0,0.220943863739561,3,0.516322646757429,0.15012800147303,0.0866764420633543,0.143384016708567,0.889261276806292,3,11.3333333333333,3.51188458428425,2.02758751009941,2.60932839819821,20.0573382684685,3,0.376666666666667,0.0838649708360601,0.0484194634877794,0.168334529917969,0.584998803415365,"paper_adjusted","structure","shifted_rect"
"binary","sparse","paper_adjusted",300,1000,1.5,"ASHMED",0.05,3,3,0,0,3,0.0333333333333333,0.0577350269189626,0.0333333333333333,0,0.176755090991649,3,0.41969696969697,0.175240881050012,0.101175369847252,0,0.855019450953659,3,8.66666666666667,4.16333199893227,2.40370085030933,-1.67562335841786,19.0089566917512,3,0.373333333333334,0.0850490054811533,0.0491030662088538,0.16205989147074,0.584606775195927,"paper_adjusted","structure","shifted_rect"
"binary","sparse","paper_adjusted",300,1000,1.5,"ASHMED_Adaptive",0.05,3,3,0,0,3,0.0452488687782805,0.0402180742864959,0.0232199160155968,0,0.145156103807341,3,0.759090909090909,0.0372061489630566,0.02148098011933,0.66666571134278,0.851516106839039,3,15.3333333333333,2.08166599946613,1.20185042515466,10.1621883207911,20.5044783458756,3,5.95333333333334,5.38355211113753,3.10819526056163,-7.4201514891165,19.3268181557832,"paper_adjusted","structure","shifted_rect"
"binary","sparse","paper_adjusted",300,1000,1.5,"HDMT",0.05,3,3,0,0,3,0.0476190476190476,0.0824786098842323,0.0476190476190476,0,0.252507272845212,3,0.397727272727273,0.0930153724076415,0.0537024502983251,0.166664278356949,0.628790267097596,3,8,1.73205080756888,1,3.69734727025054,12.3026527297495,3,0.0300000000000002,0.00999999999999934,0.00577350269189588,0.00515862288249858,0.0548413771175019,"paper_adjusted","structure","shifted_rect"
"binary","sparse","paper_adjusted",300,1000,1.5,"MDACT",0.05,3,3,0,0,3,0.0753968253968254,0.071758497301687,0.041429787733772,0,0.25365481468248,3,0.458333333333333,0.0721687836487032,0.0416666666666667,0.279056136260439,0.637610530406228,3,9.66666666666667,2.51661147842358,1.45296631451356,3.41505718729089,15.9182761460424,3,0.00999999999999979,0.00999999999999979,0.00577350269189613,-0.014841377117503,0.0348413771175026,"paper_adjusted","structure","shifted_rect"
"binary","sparse","paper_adjusted",300,1000,1.5,"MLFDR",0.05,3,3,0,0,3,0.0277777777777778,0.0481125224324688,0.0277777777777778,0,0.147295909159707,3,0.738257575757576,0.0570487745019673,0.0329371253156491,0.596540563608098,0.879974587907053,3,14.6666666666667,2.3094010767585,1.33333333333333,8.92979636033405,20.4035369729993,3,0.473333333333333,0.255016339345803,0.147233752169052,-0.160162372348096,1.10682903901476,"paper_adjusted","structure","shifted_rect"
"binary","sparse","paper_adjusted",300,1000,1.9,"ASHMED",0.05,3,3,0,0,3,0.0196078431372549,0.0339617805405662,0.0196078431372549,0,0.103973582936264,3,0.743049932523617,0.054113871821331,0.0312426584629384,0.608623622803425,0.877476242243809,3,13.3333333333333,4.04145188432738,2.33333333333333,3.29381029725126,23.3728563694154,3,0.23,0.0888819441731562,0.051316014394469,0.00920501058577528,0.450794989414225,"paper_adjusted","structure","shifted_rect"
"binary","sparse","paper_adjusted",300,1000,1.9,"ASHMED_Adaptive",0.05,3,3,0,0,3,0.177777777777778,0.167774098561572,0.0968644209675705,0,0.594551743069496,3,0.904183535762483,0.106527238174715,0.0615035296361989,0.639555206084065,1,3,20,8.66025403784439,5,-1.51326364874731,41.5132636487473,3,1.86999999999999,0.996845023060253,0.575528742404176,-0.606300314554607,4.3463003145546,"paper_adjusted","structure","shifted_rect"
"binary","sparse","paper_adjusted",300,1000,1.9,"HDMT",0.05,3,3,0,0,3,0.0208333333333333,0.0360843918243516,0.0208333333333333,0,0.11047193186978,3,0.72638326585695,0.0302347661312207,0.0174560503647457,0.651275943104433,0.801490588609467,3,13,3.60555127546399,2.08166599946613,4.0433141049704,21.9566858950296,3,0.03,1.0255810774735e-15,5.92119511155112e-16,0.0299999999999974,0.0300000000000025,"paper_adjusted","structure","shifted_rect"
"binary","sparse","paper_adjusted",300,1000,1.9,"MDACT",0.05,3,3,0,0,3,0.0208333333333333,0.0360843918243516,0.0208333333333333,0,0.11047193186978,3,0.72638326585695,0.0302347661312207,0.0174560503647457,0.651275943104433,0.801490588609467,3,13,3.60555127546399,2.08166599946613,4.0433141049704,21.9566858950296,3,0.010000000000001,0.0100000000000016,0.00577350269189716,-0.0148413771175062,0.0348413771175082,"paper_adjusted","structure","shifted_rect"
"binary","sparse","paper_adjusted",300,1000,1.9,"MLFDR",0.05,3,3,0,0,3,0.0431848852901484,0.0393220034664871,0.0227025692864517,0,0.140866157002826,3,0.87085020242915,0.0714124595761414,0.0412300027597785,0.693451818507211,1,3,15.6666666666667,3.05505046330389,1.76383420737639,8.07750059947315,23.2558327338602,3,0.176666666666667,0.0503322295684719,0.0290593262902713,0.0516344770791506,0.301698856254183,"paper_adjusted","structure","shifted_rect"
"confounded","dense","paper_adjusted",300,1000,1.3,"ASHMED",0.05,3,3,0,0,3,0.0211352657004831,0.00302178742031349,0.00174462978055182,0.0136287296127896,0.0286418017881766,3,0.224010985917758,0.0228001008084847,0.0131636443393292,0.167372395667692,0.280649576167824,3,48,7.21110255092798,4.16333199893227,30.0866282099408,65.9133717900592,3,0.18,0.0435889894354066,0.0251661147842357,0.07171894752642,0.28828105247358,"paper_adjusted","structure","shifted_rect"
"confounded","dense","paper_adjusted",300,1000,1.3,"ASHMED_Adaptive",0.05,3,3,0,0,3,0.0541785926935773,0.0119963178476201,0.0069260773386078,0.0243780871261606,0.083979098260994,3,0.712171440561915,0.046018918431534,0.0265690349442616,0.597854109832179,0.826488771291651,3,158,20.5182845286832,11.8462370959446,107.029755621875,208.970244378125,3,9.80666666666666,4.65751364284994,2.68901675545377,-1.76323861652853,21.3765719498619,"paper_adjusted","structure","shifted_rect"
"confounded","dense","paper_adjusted",300,1000,1.3,"HDMT",0.05,3,3,0,3,3,0.0324206673940717,0.0202109322727323,0.0116687871882353,0,0.0826274064423977,3,0.414846671652954,0.0591899904673786,0.0341733569296724,0.267810584174797,0.561882759131112,3,89.3333333333333,9.86576572463249,5.69600249687835,64.8254126414799,113.841254025187,3,0.0333333333333331,0.00577350269189569,0.003333333333333,0.018991157567503,0.0476755090991633,"paper_adjusted","structure","shifted_rect"
"confounded","dense","paper_adjusted",300,1000,1.3,"MDACT",0.05,3,3,0,3,3,0.03649228236885,0.0241702906585728,0.0139547238181185,0,0.0965346128977773,3,0.451201132369854,0.0488848029923679,0.0282236541669254,0.329764549725028,0.57263771501468,3,97.6666666666667,7.57187779440036,4.371625682868,78.8570794888318,116.476253844502,3,0.0299999999999999,0.0435889894354067,0.0251661147842358,-0.0782810524735806,0.13828105247358,"paper_adjusted","structure","shifted_rect"
"confounded","dense","paper_adjusted",300,1000,1.3,"MLFDR",0.05,3,3,0,0,3,0.0449666057447145,0.00676117036668919,0.00390356353124493,0.028170927461253,0.0617622840281759,3,0.68124037196829,0.00843445061440629,0.00486963233269408,0.660288035119147,0.702192708817432,3,149.333333333333,11.7189305541646,6.76592771006148,120.22189600235,178.444770664317,3,0.386666666666667,0.0971253485622233,0.0560753461375358,0.145393925536352,0.627939407796981,"paper_adjusted","structure","shifted_rect"
"confounded","dense","paper_adjusted",300,1000,1.5,"ASHMED",0.05,3,3,0,0,3,0.0106243386243386,0.00920116621117055,0.00531229578887781,0,0.0334813026015903,3,0.359377497897422,0.181366304707022,0.104711884844527,0,0.809916375060936,3,76.6666666666667,43.1547602627257,24.9154124544985,-30.5357007435149,183.869034076848,3,0.263333333333333,0.185022521151705,0.10682280239308,-0.196288088982741,0.722954755649407,"paper_adjusted","structure","shifted_rect"
"confounded","dense","paper_adjusted",300,1000,1.5,"ASHMED_Adaptive",0.05,3,3,0,0,3,0.305559872226539,0.241642514545546,0.139512370820529,0,0.905833155371308,3,0.909071320836027,0.12999212689706,0.0750509894565497,0.586152976180405,1,3,300.333333333333,141.951869777518,81.9559502280205,-52.2946596344702,652.961326301137,3,16.9833333333333,16.1664972499714,9.33373153912434,-23.1764721522287,57.1431388188953,"paper_adjusted","structure","shifted_rect"
"confounded","dense","paper_adjusted",300,1000,1.5,"HDMT",0.05,3,3,0,3,3,0.0315471087507562,0.0129931338981798,0.00750158935373093,0,0.0638238426610461,3,0.471978369511576,0.166309720929726,0.0960189621476287,0.0588421199193714,0.885114619103781,3,102,41.5812457725836,24.0069434400411,-1.29354072523387,205.293540725234,3,0.0366666666666666,0.0115470053837916,0.00666666666666615,0.00798231513500575,0.0653510181983275,"paper_adjusted","structure","shifted_rect"
"confounded","dense","paper_adjusted",300,1000,1.5,"MDACT",0.05,3,3,0,3,3,0.0420390663541215,0.0287228545586357,0.0165831478113228,0,0.113390592552348,3,0.542148869473348,0.137923460719589,0.0796301471740195,0.199527999364701,0.884769739581994,3,117.333333333333,34.5301800362137,19.9360087390742,31.5556109118464,203.11105575482,3,0.0366666666666669,0.0378593889720012,0.0218581284143396,-0.0573812692225057,0.13071460255584,"paper_adjusted","structure","shifted_rect"
"confounded","dense","paper_adjusted",300,1000,1.5,"MLFDR",0.05,3,3,0,0,3,0.0450400735777165,0.0294576807976409,0.01700739993822,0,0.11821700934784,3,0.793186257133126,0.112364693208615,0.0648737858714035,0.51405688526435,1,3,173.666666666667,43.096790290384,24.881943475362,66.6083046509284,280.725028682405,3,0.29,0.0871779788708134,0.0503322295684716,0.0734378950528392,0.506562104947161,"paper_adjusted","structure","shifted_rect"
"confounded","dense","paper_adjusted",300,1000,1.9,"ASHMED",0.05,3,3,0,0,3,0.0243314751671418,0.0129023273821002,0.00744916218722824,0,0.0563826331863659,3,0.705624223513013,0.18312074979302,0.105724814187206,0.250727063148177,1,3,150.666666666667,41.4889543533376,23.9536589642956,47.6023905364526,253.730942796881,3,0.193333333333334,0.0737111479583199,0.0425571511160123,0.0102246909136629,0.376441975753004,"paper_adjusted","structure","shifted_rect"
"confounded","dense","paper_adjusted",300,1000,1.9,"ASHMED_Adaptive",0.05,3,3,0,0,3,0.212212588903236,0.273133714521379,0.15769382360368,0,0.890714349496242,3,0.952752910888772,0.0664451618450628,0.0383621320775953,0.787693978586097,1,3,279,120.449159399308,69.5413546028548,-20.2122992124487,578.212299212449,3,12.9533333333333,8.33442459521551,4.81188228358831,-7.75052510938099,33.6571917760476,"paper_adjusted","structure","shifted_rect"
"confounded","dense","paper_adjusted",300,1000,1.9,"HDMT",0.05,3,3,0,3,3,0.0331539841985349,0.0163513282334892,0.00944044375721292,0,0.0737729353005533,3,0.798460027496884,0.139649273011359,0.0806265453652438,0.451552001990848,1,3,172,33.1813200460741,19.157244060668,89.5730315478901,254.42696845211,3,0.0199999999999999,0.00999999999999934,0.00577350269189588,-0.0048413771175018,0.0448413771175015,"paper_adjusted","structure","shifted_rect"
"confounded","dense","paper_adjusted",300,1000,1.9,"MDACT",0.05,3,3,0,3,3,0.0377906109171218,0.0216338644520048,0.0124903174649768,0,0.0915321094532418,3,0.81606213173021,0.117400739577395,0.0677813485980699,0.524422527158624,1,3,176.666666666667,29.1433239925259,16.8259059521653,104.270636491075,249.062696842258,3,0,0,0,0,0,"paper_adjusted","structure","shifted_rect"
"confounded","dense","paper_adjusted",300,1000,1.9,"MLFDR",0.05,3,3,0,0,3,0.0504889455782313,0.00337970091317701,0.00195127123200317,0.0420933030853713,0.0588845880710913,3,0.930980832076252,0.0582215584886112,0.0336142324660392,0.786350462997816,1,3,204,17.4355957741627,10.0664459136943,160.687579010568,247.312420989432,3,0.276666666666666,0.0929157324317759,0.0536449231314371,0.0458511917179886,0.507482141615344,"paper_adjusted","structure","shifted_rect"
"confounded","sparse","paper_adjusted",300,1000,1.3,"ASHMED",0.05,3,3,0,0,3,0,0,0,0,0.707598226178713,3,0.0825396825396825,0.104472905853361,0.0603174603174603,0,0.342064767826158,3,2.33333333333333,3.21455025366432,1.85592145427667,-5.65205217811079,10.3187188447775,3,0.3,0.1113552872566,0.0642910050732863,0.0233781315230882,0.576621868476912,"paper_adjusted","structure","shifted_rect"
"confounded","sparse","paper_adjusted",300,1000,1.3,"ASHMED_Adaptive",0.05,3,3,0,0,3,0.328005328005328,0.385922675899557,0.22281256081699,0,1,3,0.650793650793651,0.35740730949834,0.206349206349206,0,1,3,36.3333333333333,36.6105631387081,21.1371184833169,-54.612347207948,127.279013874615,3,3.01999999999999,0.701925922017424,0.405257120027936,1.27631934626139,4.7636806537386,"paper_adjusted","structure","shifted_rect"
"confounded","sparse","paper_adjusted",300,1000,1.3,"HDMT",0.05,3,3,0,3,3,0,0,0,0,0.707598226178713,3,0.104761904761905,0.142220804981601,0.0821112200404925,0,0.458057969812188,3,3,4.35889894354067,2.51661147842358,-7.82810524735806,13.8281052473581,3,0.0300000000000001,0.0100000000000007,0.00577350269189665,0.00515862288249512,0.0548413771175051,"paper_adjusted","structure","shifted_rect"
"confounded","sparse","paper_adjusted",300,1000,1.3,"MDACT",0.05,3,3,0,3,3,0,0,0,0,0.707598226178713,3,0.138095238095238,0.199375442051984,0.115109465138514,0,0.633371292493464,3,4,6.08276253029822,3.51188458428425,-11.1104197931357,19.1104197931357,3,0.0366666666666666,0.0472581562625263,0.027284509239575,-0.0807291014928651,0.154062434826198,"paper_adjusted","structure","shifted_rect"
"confounded","sparse","paper_adjusted",300,1000,1.3,"MLFDR",0.05,3,3,0,0,3,0.0289855072463768,0.0502043712338805,0.0289855072463768,0,0.153700079123173,3,0.416290726817043,0.245958149816149,0.142004004005736,0,1,3,11.3333333333333,10.1159939369957,5.84047182264508,-13.7961886973953,36.462855364062,3,1.40333333333333,0.689661752842169,0.398176398653216,-0.309881435253735,3.1165481019204,"paper_adjusted","structure","shifted_rect"
"confounded","sparse","paper_adjusted",300,1000,1.5,"ASHMED",0.05,3,3,0,0,3,0,0,0,0,0.707598226178713,3,0.44973544973545,0.11913576983278,0.0687830687830688,0.153785791075434,0.745685108395466,3,8.33333333333333,0.577350269189626,0.333333333333333,6.89911575675018,9.76755090991649,3,0.22,0.0953939201416943,0.0550757054728609,-0.0169716344956823,0.456971634495682,"paper_adjusted","structure","shifted_rect"
"confounded","sparse","paper_adjusted",300,1000,1.5,"ASHMED_Adaptive",0.05,3,3,0,0,3,0.254320987654321,0.331793425191726,0.191561023349791,0,1,3,0.778659611992945,0.135007061574121,0.0779463633423191,0.443283478984073,1,3,27,23.43074902772,13.5277492584687,-31.2052072743165,85.2052072743165,3,1.70666666666667,0.650333247907048,0.375470075742098,0.0911493203356915,3.32218401299764,"paper_adjusted","structure","shifted_rect"
"confounded","sparse","paper_adjusted",300,1000,1.5,"HDMT",0.05,3,3,0,3,3,0.0303030303030303,0.0524863881081478,0.0303030303030303,0,0.160686446356044,3,0.497354497354497,0.195910143720356,0.113108774213926,0.0106867212243344,0.98402227348466,3,9.33333333333333,1.52752523165195,0.881917103688197,5.53875029973657,13.1279163669301,3,0.023333333333334,0.0115470053837933,0.00666666666666712,-0.005351018198331,0.052017684864999,"paper_adjusted","structure","shifted_rect"
"confounded","sparse","paper_adjusted",300,1000,1.5,"MDACT",0.05,3,3,0,3,3,0.0303030303030303,0.0524863881081478,0.0303030303030303,0,0.160686446356044,3,0.608465608465608,0.0916428998713692,0.0529100529100529,0.380812024880981,0.836119192050236,3,12,2.64575131106459,1.52752523165195,5.42758939227157,18.5724106077284,3,0.0166666666666665,0.00577350269189626,0.00333333333333334,0.00232449090083491,0.031008842432498,"paper_adjusted","structure","shifted_rect"
"confounded","sparse","paper_adjusted",300,1000,1.5,"MLFDR",0.05,3,3,0,0,3,0.0783730158730159,0.0974598246588027,0.0562684560019335,0,0.320476641688522,3,0.760141093474427,0.15961686488321,0.0921548399075255,0.363630819986688,1,3,16,5,2.88675134594813,3.57931144124835,28.4206885587516,3,0.220000000000001,0.045825756949559,0.0264575131106462,0.106162508992097,0.333837491007905,"paper_adjusted","structure","shifted_rect"
"confounded","sparse","paper_adjusted",300,1000,1.9,"ASHMED",0.05,3,3,0,0,3,0,0,0,0,0.707598226178713,3,0.346743295019157,0.147011149754404,0.0848769268845813,0,0.711939236171846,3,7,2.64575131106459,1.52752523165195,0.427589392271572,13.5724106077284,3,0.303333333333333,0.176729548557487,0.102034852433426,-0.135687203018932,0.742353869685599,"paper_adjusted","structure","shifted_rect"
"confounded","sparse","paper_adjusted",300,1000,1.9,"ASHMED_Adaptive",0.05,3,3,0,0,3,0.0698412698412698,0.0714814618996679,0.0412698412698413,0,0.247411065037279,3,0.731417624521073,0.0849357107161631,0.0490376554457889,0.520425622456735,0.94240962658541,3,17.6666666666667,9.29157324317757,5.36449231314369,-5.41488082820105,40.7482141615344,3,1.67666666666667,0.922189423780894,0.532426312063725,-0.614178858324758,3.96751219165809,"paper_adjusted","structure","shifted_rect"
"confounded","sparse","paper_adjusted",300,1000,1.9,"HDMT",0.05,3,3,0,3,3,0.0476190476190476,0.0824786098842323,0.0476190476190476,0,0.252507272845212,3,0.525287356321839,0.262982376747165,0.151832946007103,0,1,3,10.6666666666667,3.05505046330389,1.76383420737639,3.07750059947315,18.2558327338602,3,0.0366666666666668,0.0208166599946611,0.0120185042515465,-0.0150447834587553,0.0883781167920888,"paper_adjusted","structure","shifted_rect"
"confounded","sparse","paper_adjusted",300,1000,1.9,"MDACT",0.05,3,3,0,3,3,0,0,0,0,0.707598226178713,3,0.460153256704981,0.0434709746298223,0.0250979789044633,0.352165369260497,0.568141144149464,3,9.66666666666667,2.51661147842358,1.45296631451356,3.41505718729089,15.9182761460424,3,0.013333333333333,0.0115470053837923,0.00666666666666652,-0.0153510181983294,0.0420176848649955,"paper_adjusted","structure","shifted_rect"
"confounded","sparse","paper_adjusted",300,1000,1.9,"MLFDR",0.05,3,3,0,0,3,0,0,0,0,0.707598226178713,3,0.71360153256705,0.0426541074295255,0.0246263604064798,0.607642855740316,0.819560209393784,3,15.3333333333333,5.5075705472861,3.17979733805649,1.65176963669452,29.0148970299721,3,0.416666666666666,0.282193786843957,0.162924658797999,-0.284341561254042,1.11767489458737,"paper_adjusted","structure","shifted_rect"
"linear","dense","paper_adjusted",300,1000,1.3,"ASHMED",0.05,3,3,0,0,3,0.00505050505050505,0.00874773135135797,0.00505050505050505,0,0.0267810743926741,3,0.218161706860538,0.112376251410704,0.0648804590024907,0,0.497319790895002,3,42.6666666666667,21.733231083604,12.5476868164791,-11.3216722662986,96.655005599632,3,0.206666666666667,0.070237691685685,0.0405517502019882,0.032186567963964,0.38114676536937,"paper_adjusted","structure","shifted_rect"
"linear","dense","paper_adjusted",300,1000,1.3,"ASHMED_Adaptive",0.05,3,3,0,0,3,0.221526751808442,0.285962392990223,0.165100464571015,0,0.931896716377823,3,0.753557858376511,0.217079403206894,0.125330851877024,0.214302726426011,1,3,229.666666666667,170.418113278294,98.390943576011,-193.675395293282,653.008728626616,3,13.65,14.0853540956555,8.13218297875792,-21.3399592923749,48.6399592923749,"paper_adjusted","structure","shifted_rect"
"linear","dense","paper_adjusted",300,1000,1.3,"HDMT",0.05,3,3,0,3,3,0.0285569373263857,0.0128707295620144,0.00743091917729586,0,0.0605296020091254,3,0.360537440432593,0.138251934703501,0.0798197917170528,0.017100595713182,0.703974285152003,3,72,26.5141471671257,15.3079500042734,6.13520712724487,137.864792872755,3,0.0333333333333332,0.00577350269189639,0.00333333333333341,0.0189911575675013,0.0476755090991651,"paper_adjusted","structure","shifted_rect"
"linear","dense","paper_adjusted",300,1000,1.3,"MDACT",0.05,3,3,0,3,3,0.0406243662175866,0.0238812342650202,0.0137878370314899,0,0.0999486408584673,3,0.403424481639223,0.168751877773587,0.0974289420588352,0,0.822627385145272,3,81.6666666666667,33.501243758006,19.341952101872,-1.55503634313629,164.88836967647,3,0.0333333333333331,0.0230940107675853,0.0133333333333335,-0.0240353697299938,0.0907020363966599,"paper_adjusted","structure","shifted_rect"
"linear","dense","paper_adjusted",300,1000,1.3,"MLFDR",0.05,3,3,0,0,3,0.0410983905757425,0.00979052237259231,0.00565256072732323,0.0167773847322506,0.0654193964192344,3,0.659739169356808,0.164943709003854,0.0952302947945103,0.249996281504362,1,3,134,33.4065861769801,19.2873015219859,51.0134394569264,216.986560543074,3,0.629999999999999,0.226495033058122,0.13076696830622,0.0673551468561798,1.19264485314382,"paper_adjusted","structure","shifted_rect"
"linear","dense","paper_adjusted",300,1000,1.5,"ASHMED",0.05,3,3,0,0,3,0,0,0,0,0.707598226178713,3,0.301488574427076,0.0332856216272274,0.0192174626066237,0.218802506483828,0.384174642370324,3,59.3333333333333,3.21455025366432,1.85592145427667,51.3479478218892,67.3187188447775,3,0.33,0.187349939951952,0.10816653826392,-0.135403051128804,0.795403051128804,"paper_adjusted","structure","shifted_rect"
"linear","dense","paper_adjusted",300,1000,1.5,"ASHMED_Adaptive",0.05,3,3,0,0,3,0.079599958827012,0.0387399926563138,0.0223665451885269,0,0.175835435537492,3,0.733415222986895,0.073742483872072,0.0425752429142524,0.550228737842141,0.91660170813165,3,157,7.81024967590665,4.50924975282289,137.598264241894,176.401735758106,3,18.9033333333333,14.0858664388575,8.13247878024352,-16.087898690111,53.8945653567777,"paper_adjusted","structure","shifted_rect"
"linear","dense","paper_adjusted",300,1000,1.5,"HDMT",0.05,3,3,0,3,3,0.0119047619047619,0.0206196524710581,0.0119047619047619,0,0.0631268182113031,3,0.475601491372223,0.123692090954862,0.0714136620094173,0.168333303585998,0.782869679158448,3,94,18.5202591774521,10.6926766215636,47.993125745901,140.006874254099,3,0.0266666666666657,0.00577350269189575,0.00333333333333304,0.0123244909008354,0.0410088424324959,"paper_adjusted","structure","shifted_rect"
"linear","dense","paper_adjusted",300,1000,1.5,"MDACT",0.05,3,3,0,3,3,0.0152717652717653,0.0184100538510165,0.0106290495466799,0,0.0610048743184297,3,0.483881233496905,0.120366974154197,0.0694939049294664,0.184873093751187,0.782889373242623,3,96,17.6918060129541,10.2143689640297,52.0511174942494,139.948882505751,3,0.03,0.0435889894354068,0.0251661147842359,-0.0782810524735809,0.138281052473581,"paper_adjusted","structure","shifted_rect"
"linear","dense","paper_adjusted",300,1000,1.5,"MLFDR",0.05,3,3,0,0,3,0.0572261585387098,0.0170053547036966,0.00981804611584431,0.0149825156175662,0.0994698014598534,3,0.747907976610084,0.0879450424750051,0.0507750939468372,0.529440380036439,0.966375573183728,3,156,7,4.04145188432738,138.611036017748,173.388963982252,3,0.369999999999999,0.121655250605965,0.0702376916856851,0.0677916041372856,0.672208395862713,"paper_adjusted","structure","shifted_rect"
"linear","dense","paper_adjusted",300,1000,1.9,"ASHMED",0.05,3,3,0,0,3,0.0216802986148009,0.0193292989692161,0.0111597759631237,0,0.0696969391259274,3,0.752621855745038,0.180537155254617,0.104233175184982,0.30414270000492,1,3,161.333333333333,39.0042732701602,22.5191276720727,64.441347183513,258.225319483154,3,0.263333333333333,0.177857620959388,0.102686145338329,-0.178489490214078,0.705156156880745,"paper_adjusted","structure","shifted_rect"
"linear","dense","paper_adjusted",300,1000,1.9,"ASHMED_Adaptive",0.05,3,3,0,0,3,0.213236116984243,0.269928159769831,0.155843095704972,0,0.883774838131849,3,0.970724214154584,0.0465465802845026,0.0268736806571141,0.855096098716837,1,3,287.666666666667,127.786279910377,73.7774431049973,-29.7720503029855,605.105383636319,3,16.7366666666667,15.049336640973,8.68873856079108,-20.6479580200005,54.1212913533338,"paper_adjusted","structure","shifted_rect"
"linear","dense","paper_adjusted",300,1000,1.9,"HDMT",0.05,3,3,0,3,3,0.0354263015723548,0.0145435692626535,0.00839673362877095,0,0.0715545304411652,3,0.843221972993122,0.116454989005225,0.0672353192506417,0.553931743083772,1,3,183,22.5166604983954,13,127.065514513257,238.934485486743,3,0.0266666666666658,0.00577350269189588,0.00333333333333311,0.0123244909008352,0.0410088424324964,"paper_adjusted","structure","shifted_rect"
"linear","dense","paper_adjusted",300,1000,1.9,"MDACT",0.05,3,3,0,3,3,0.0465799911081036,0.0259365959221981,0.0149745006375436,0,0.111010067152866,3,0.854123076460845,0.10496560759123,0.0606019217984495,0.593374052206683,1,3,187.666666666667,21.0317220724631,12.142670400058,135.420972723409,239.912360609924,3,0.0166666666666663,0.00577350269189613,0.00333333333333326,0.00232449090083508,0.0310088424324975,"paper_adjusted","structure","shifted_rect"
"linear","dense","paper_adjusted",300,1000,1.9,"MLFDR",0.05,3,3,0,0,3,0.052728609691284,0.0170960225202163,0.0098703932041188,0.0102597354278817,0.0951974839546863,3,0.944943608522441,0.0395799711005955,0.0228515069694464,0.846621509681463,1,3,209,2.64575131106459,1.52752523165195,202.427589392272,215.572410607728,3,0.209999999999999,0.0700000000000002,0.0404145188432739,0.0361103601774756,0.383889639822523,"paper_adjusted","structure","shifted_rect"
"linear","sparse","paper_adjusted",300,1000,1.3,"ASHMED",0.05,3,3,0,0,3,0,0,0,0,0.707598226178713,3,0.194041867954911,0.168569501263904,0.0973236469318762,0,0.612791723095521,3,4,3.60555127546399,2.08166599946613,-4.9566858950296,12.9566858950296,3,0.18,0.0624499799839842,0.03605551275464,0.0248656496237316,0.335134350376269,"paper_adjusted","structure","shifted_rect"
"linear","sparse","paper_adjusted",300,1000,1.3,"ASHMED_Adaptive",0.05,3,3,0,0,3,0.263736263736264,0.392078302745303,0.226366513633412,0,1,3,0.758454106280193,0.211183507192216,0.121926854725835,0.233845191964312,1,3,34.6666666666667,36.6651514838454,21.1686350790766,-56.4146188413923,125.747952174726,3,6.52666666666667,8.50007254871,4.90751917412907,-14.5886841041976,27.6420174375309,"paper_adjusted","structure","shifted_rect"
"linear","sparse","paper_adjusted",300,1000,1.3,"HDMT",0.05,3,3,0,3,3,0.0476190476190476,0.0824786098842323,0.0476190476190476,0,0.252507272845212,3,0.302810715854194,0.0658179365074291,0.0380000033600699,0.139309897666501,0.466311534041888,3,6.66666666666667,1.52752523165195,0.881917103688197,2.87208363306991,10.4612497002634,3,0.0366666666666665,0.0115470053837926,0.00666666666666671,0.00798231513500325,0.0653510181983298,"paper_adjusted","structure","shifted_rect"
"linear","sparse","paper_adjusted",300,1000,1.3,"MDACT",0.05,3,3,0,3,3,0.0476190476190476,0.0824786098842323,0.0476190476190476,0,0.252507272845212,3,0.302810715854194,0.0658179365074291,0.0380000033600699,0.139309897666501,0.466311534041888,3,6.66666666666667,1.52752523165195,0.881917103688197,2.87208363306991,10.4612497002634,3,0.0333333333333331,0.0230940107675853,0.0133333333333335,-0.0240353697299938,0.0907020363966599,"paper_adjusted","structure","shifted_rect"
"linear","sparse","paper_adjusted",300,1000,1.3,"MLFDR",0.05,3,3,0,0,3,0.0277777777777778,0.0481125224324688,0.0277777777777778,0,0.147295909159707,3,0.55877616747182,0.0558349064334487,0.0322362982595292,0.420074570768439,0.697477764175201,3,12,1,0.577350269189626,9.51586228824967,14.4841377117503,3,0.683333333333333,0.750621964329138,0.433371793165074,-1.18131499552479,2.54798166219146,"paper_adjusted","structure","shifted_rect"
"linear","sparse","paper_adjusted",300,1000,1.5,"ASHMED",0.05,3,3,0,0,3,0,0,0,0,0.707598226178713,3,0.280555555555556,0.105518999517903,0.0609214227762814,0.0184318295469673,0.542679281564144,3,5,1.73205080756888,1,0.697347270250538,9.30265272974946,3,0.243333333333333,0.141539158303747,0.0817176711475417,-0.108269427498406,0.594936094165072,"paper_adjusted","structure","shifted_rect"
"linear","sparse","paper_adjusted",300,1000,1.5,"ASHMED_Adaptive",0.05,3,3,0,0,3,0.463836477987421,0.405340300813562,0.234023331788114,0,1,3,0.691666666666667,0.232289331079439,0.134112307828592,0.114627979294974,1,3,34,22.6053091109146,13.0511813003013,-22.1547008481963,90.1547008481963,3,7.76,8.69972988086412,5.02279138859393,-13.8513270790958,29.3713270790958,"paper_adjusted","structure","shifted_rect"
"linear","sparse","paper_adjusted",300,1000,1.5,"HDMT",0.05,3,3,0,3,3,0.0606060606060606,0.104972776216296,0.0606060606060606,0,0.321372892712089,3,0.394907407407407,0.170196041043355,0.0982627301113894,0,0.817697811353812,3,7.66666666666667,3.51188458428425,2.02758751009941,-1.05733826846846,16.3906716018018,3,0.0266666666666668,0.00577350269189678,0.00333333333333363,0.012324490900834,0.0410088424324997,"paper_adjusted","structure","shifted_rect"
"linear","sparse","paper_adjusted",300,1000,1.5,"MDACT",0.05,3,3,0,3,3,0.0606060606060606,0.104972776216296,0.0606060606060606,0,0.321372892712089,3,0.448611111111111,0.114589646290741,0.0661583631323031,0.163954649384151,0.733267572838071,3,8.66666666666667,2.51661147842358,1.45296631451356,2.41505718729089,14.9182761460424,3,0,0,0,0,0,"paper_adjusted","structure","shifted_rect"
"linear","sparse","paper_adjusted",300,1000,1.5,"MLFDR",0.05,3,3,0,0,3,0.0277777777777778,0.0481125224324688,0.0277777777777778,0,0.147295909159707,3,0.629166666666667,0.112036080497906,0.0646840612344168,0.350853614025122,0.907479719308211,3,11.6666666666667,2.51661147842358,1.45296631451356,5.41505718729089,17.9182761460424,3,0.606666666666666,0.554105886391161,0.319913182667493,-0.76980866202046,1.98314199535379,"paper_adjusted","structure","shifted_rect"
"linear","sparse","paper_adjusted",300,1000,1.9,"ASHMED",0.05,3,3,0,0,3,0.0151515151515152,0.0262431940540739,0.0151515151515152,0,0.0803432231780222,3,0.853462157809984,0.0690556574634189,0.0398693024255715,0.681918394895392,1,3,18.6666666666667,4.16333199893227,2.40370085030933,8.32437664158214,29.0089566917512,3,0.3,0.17058722109232,0.0984885780179611,-0.123762149058123,0.723762149058123,"paper_adjusted","structure","shifted_rect"
"linear","sparse","paper_adjusted",300,1000,1.9,"ASHMED_Adaptive",0.05,3,3,0,0,3,0.517491449842224,0.420901249133962,0.243007449489743,0,1,3,0.971014492753623,0.0251021856169402,0.0144927536231884,0.908657206815225,1,3,68.6666666666667,47.6060220280306,27.4853496329307,-49.593247959581,186.926581292914,3,2.40333333333334,1.88322418562775,1.0872799905166,-2.27485488586487,7.08152155253155,"paper_adjusted","structure","shifted_rect"
"linear","sparse","paper_adjusted",300,1000,1.9,"HDMT",0.05,3,3,0,3,3,0.0888888888888889,0.1539600717839,0.0888888888888889,0,0.471346909311063,3,0.853462157809984,0.0924629772621939,0.0533835248124019,0.623771389052255,1,3,21,8.18535277187245,4.72581562625261,0.666456495411552,41.3335435045884,3,0.0233333333333325,0.0152752523165204,0.00881917103688251,-0.0146124970026374,0.0612791636693025,"paper_adjusted","structure","shifted_rect"
"linear","sparse","paper_adjusted",300,1000,1.9,"MDACT",0.05,3,3,0,3,3,0.0512820512820513,0.0888231183368655,0.0512820512820513,0,0.271930909217921,3,0.882447665056361,0.0932171055613933,0.0538189209889482,0.650883537751092,1,3,20.3333333333333,6.02771377334171,3.48010216963685,5.35966223333831,35.3070044333284,3,0,0,0,0,0,"paper_adjusted","structure","shifted_rect"
"linear","sparse","paper_adjusted",300,1000,1.9,"MLFDR",0.05,3,3,0,0,3,0.0222222222222222,0.038490017945975,0.0222222222222222,0,0.117836727327766,3,0.896940418679549,0.103197874202977,0.0595813204508857,0.640582687599468,1,3,19.6666666666667,4.04145188432738,2.33333333333333,9.62714363058459,29.7061897027487,3,0.153333333333333,0.068068592855541,0.0392994204085056,-0.0157584251648955,0.322425091831562,"paper_adjusted","structure","shifted_rect"
"binary","dense","teaching_fixed",300,1000,1.3,"ASHMED",0.05,3,3,0,0,3,0.048611017387588,0.0177202425540662,0.0102307868086956,0.00459149459766905,0.092630540177507,3,0.318333333333333,0.033291640592397,0.0192209376577847,0.235632313451722,0.401034353214945,3,67,7.93725393319377,4.58257569495584,47.2827681768147,86.7172318231853,3,3.41,1.96053564109403,1.1319157801415,-1.4602405212723,8.2802405212723,"teaching_fixed","structure","shifted_rect"
"binary","dense","teaching_fixed",300,1000,1.3,"ASHMED_Adaptive",0.05,3,3,0,0,3,0.047605685222096,0.00397324486328659,0.00229395399137481,0.0377355978191875,0.0574757726250045,3,0.636666666666667,0.0791096285753721,0.0456739653534824,0.440147454960023,0.83318587837331,3,133.666666666667,16.2583311976763,9.38675189355248,93.2787330083921,174.054600324941,3,8.33,8.87619851062378,5.1246755994892,-13.7196994572226,30.3796994572226,"teaching_fixed","structure","shifted_rect"
"binary","dense","teaching_fixed",300,1000,1.3,"HDMT",0.05,3,3,0,0,3,0.0159090909090909,0.0138244602961323,0.00798155587337329,0,0.0502509540753083,3,0.226666666666667,0.0388372673257702,0.0224227067451229,0.130189546281392,0.323143787051941,3,46,7.21110255092798,4.16333199893227,28.0866282099408,63.9133717900592,3,0.0633333333333332,0.037859388972002,0.0218581284143401,-0.0307146025558416,0.157381269222508,"teaching_fixed","structure","shifted_rect"
"binary","dense","teaching_fixed",300,1000,1.3,"MDACT",0.05,3,3,0,0,3,0.0110748002904866,0.00977867320950997,0.00564571960982796,0,0.0353663711811129,3,0.303333333333333,0.0354729944229879,0.0204803428790742,0.21521353013848,0.391453136528187,3,61.3333333333333,7.02376916856849,4.05517502019881,43.8853234630631,78.7813432036036,3,0.0266666666666665,0.030550504633039,0.017638342073764,-0.0492249940052688,0.102558327338602,"teaching_fixed","structure","shifted_rect"
"binary","dense","teaching_fixed",300,1000,1.3,"MLFDR",0.05,3,3,0,0,3,0.0500833618377036,0.00578234373324722,0.00333843771093723,0.035719223707641,0.0644474999677663,3,0.631666666666667,0.0680685928555405,0.0392994204085053,0.46257490816844,0.800758425164894,3,133,14.422205101856,8.32666399786453,97.1732564198816,168.826743580118,3,0.41,0.240208242989286,0.138684293751431,-0.186710355082972,1.00671035508297,"teaching_fixed","structure","shifted_rect"
"binary","dense","teaching_fixed",300,1000,1.5,"ASHMED",0.05,3,3,0,0,3,0.0269111476008028,0.0115376112050811,0.00666124293505882,0,0.0555721626988579,3,0.528333333333333,0.103963134491671,0.0600231436845637,0.270074590310801,0.786592076355865,3,108.666666666667,21.9393102292058,12.6666666666667,54.1663987565068,163.166934576827,3,0.273333333333333,0.123423390543824,0.0712585277547732,-0.0332673656286699,0.579934032295336,"teaching_fixed","structure","shifted_rect"
"binary","dense","teaching_fixed",300,1000,1.5,"ASHMED_Adaptive",0.05,3,3,0,0,3,0.0592921177800544,0.0172983049203998,0.00998718100231707,0.0163207461779329,0.102263489382176,3,0.845,0.0409267638593622,0.023629078131263,0.743332282477058,0.946667717522942,3,179.666666666667,8.62167810425171,4.97772817435603,158.249230949323,201.08410238401,3,4.13,3.16042718631517,1.82467348677328,-3.72093635876651,11.9809363587665,"teaching_fixed","structure","shifted_rect"
"binary","dense","teaching_fixed",300,1000,1.5,"HDMT",0.05,3,3,0,0,3,0.0224610638403742,0.012749520142031,0.00736093888604014,0,0.0541326276319138,3,0.505,0.0826135582092916,0.0476969600708473,0.299776544550418,0.710223455449582,3,103.333333333333,17.0098010962308,9.82061324177082,61.0786449608144,145.588021705852,3,0.0299999999999991,1.35671568565146e-15,7.8330016632466e-16,0.0299999999999957,0.0300000000000024,"teaching_fixed","structure","shifted_rect"
"binary","dense","teaching_fixed",300,1000,1.5,"MDACT",0.05,3,3,0,0,3,0.0299547940875188,0.0114550302139283,0.0066135647775868,0.00149892154386008,0.0584106666311775,3,0.54,0.0973396116696589,0.0561990510002912,0.298194999804268,0.781805000195732,3,111.333333333333,20.1080415091409,11.6093831781787,61.3821891110354,161.284477555631,3,0.00666666666666652,0.0115470053837923,0.00666666666666652,-0.0220176848649959,0.035351018198329,"teaching_fixed","structure","shifted_rect"
"binary","dense","teaching_fixed",300,1000,1.5,"MLFDR",0.05,3,3,0,0,3,0.0454786734073873,0.00579899065431234,0.00334804881529536,0.0310731820329223,0.0598841647818523,3,0.805,0.0653834841531101,0.0377491721763537,0.642578421289629,0.967421578710371,3,168.666666666667,13.5769412362775,7.83865067753656,134.939674931412,202.393658401922,3,0.25,0.0608276253029819,0.0351188458428423,0.0988958020686439,0.401104197931356,"teaching_fixed","structure","shifted_rect"
"binary","dense","teaching_fixed",300,1000,1.9,"ASHMED",0.05,3,3,0,0,3,0.0371090840797083,0.0131804590253135,0.00760974156630758,0.00436700875674704,0.0698511594026696,3,0.82,0.00866025403784439,0.005,0.798486736351253,0.841513263648747,3,170.333333333333,2.08166599946613,1.20185042515466,165.162188320791,175.504478345876,3,0.193333333333334,0.0723417813807032,0.041766546953806,0.0136263860703315,0.373040280596337,"teaching_fixed","structure","shifted_rect"
"binary","dense","teaching_fixed",300,1000,1.9,"ASHMED_Adaptive",0.05,3,3,0,0,3,0.0619877491392601,0.0375716981895763,0.0216920300636632,0,0.155321021506488,3,0.958333333333333,0.0189296944860009,0.01092906420717,0.911309365388746,1,3,204.666666666667,12.5033328890074,7.21880260923591,173.606665914515,235.726667418818,3,20.41,12.399116904038,7.15863348225996,-10.3911138937217,51.2111138937217,"teaching_fixed","structure","shifted_rect"
"binary","dense","teaching_fixed",300,1000,1.9,"HDMT",0.05,3,3,0,0,3,0.0379980545340663,0.0201290598353831,0.0116215181144925,0,0.0880014111732203,3,0.791666666666667,0.0202072594216369,0.0116666666666667,0.741469051486256,0.841864281847077,3,164.666666666667,6.65832811847939,3.84418753155693,148.126462690344,181.206870642989,3,0.0233333333333328,0.00577350269189613,0.00333333333333326,0.0089911575675016,0.0376755090991641,"teaching_fixed","structure","shifted_rect"
"binary","dense","teaching_fixed",300,1000,1.9,"MDACT",0.05,3,3,0,0,3,0.0413807203772915,0.0155362929619924,0.00896988292381523,0.00278642912960483,0.0799750116249782,3,0.81,0.0259807621135331,0.015,0.745460209053758,0.874539790946242,3,169,5,2.88675134594813,156.579311441248,181.420688558752,3,0.0133333333333333,0.0115470053837925,0.00666666666666667,-0.0153510181983298,0.0420176848649964,"teaching_fixed","structure","shifted_rect"
"binary","dense","teaching_fixed",300,1000,1.9,"MLFDR",0.05,3,3,0,0,3,0.0468806363016218,0.0120788892079532,0.00697374993572342,0.0168750121040913,0.0768862604991523,3,0.946666666666667,0.00288675134594813,0.00166666666666667,0.939495578783751,0.953837754549582,3,198.666666666667,2.51661147842358,1.45296631451356,192.415057187291,204.918276146042,3,0.216666666666667,0.0305505046330384,0.0176383420737636,0.140775005994733,0.292558327338601,"teaching_fixed","structure","shifted_rect"
"binary","sparse","teaching_fixed",300,1000,1.3,"ASHMED",0.05,3,3,0,0,3,0,0,0,0,0.707598226178713,3,0.183333333333333,0.0288675134594813,0.0166666666666667,0.111622454504176,0.255044212162491,3,3.66666666666667,0.577350269189626,0.333333333333333,2.23244909008351,5.10088424324982,3,0.566666666666667,0.624286259125838,0.360431839757687,-0.984146372555366,2.1174797058887,"teaching_fixed","structure","shifted_rect"
"binary","sparse","teaching_fixed",300,1000,1.3,"ASHMED_Adaptive",0.05,3,3,0,0,3,0.246753246753247,0.427389160309203,0.246753246753247,0,1,3,0.616666666666667,0.33291640592397,0.192209376577847,0,1,3,31.3333333333333,39.5516539898565,22.8351580779386,-66.9184219049696,129.585088571636,3,19.5333333333333,6.74973579729854,3.89696177952917,2.76606009491284,36.3006065717538,"teaching_fixed","structure","shifted_rect"
"binary","sparse","teaching_fixed",300,1000,1.3,"HDMT",0.05,3,3,0,0,3,0,0,0,0,0.707598226178713,3,0.133333333333333,0.0763762615825973,0.0440958551844098,0,0.323062485013171,3,2.66666666666667,1.52752523165195,0.881917103688197,-1.12791636693009,6.46124970026343,3,0.026666666666667,0.0152752523165197,0.00881917103688212,-0.0112791636693012,0.0646124970026352,"teaching_fixed","structure","shifted_rect"
"binary","sparse","teaching_fixed",300,1000,1.3,"MDACT",0.05,3,3,0,0,3,0.0909090909090909,0.157459164324443,0.0909090909090909,0,0.482059339068133,3,0.216666666666667,0.175594229214212,0.10137937550497,0,0.652866913423423,3,5.33333333333333,5.13160143944688,2.96273147243853,-7.41427132406895,18.0809379907356,3,0.0433333333333331,0.0493288286231627,0.0284800124843919,-0.0792062701259344,0.165872936792601,"teaching_fixed","structure","shifted_rect"
"binary","sparse","teaching_fixed",300,1000,1.3,"MLFDR",0.05,3,3,0,0,3,0,0,0,0,0.707598226178713,3,0.35,0.13228756555323,0.0763762615825973,0.0213794696135786,0.678620530386421,3,7,2.64575131106459,1.52752523165195,0.427589392271572,13.5724106077284,3,0.63,0.600083327547101,0.346458270695525,-0.860689624152379,2.12068962415238,"teaching_fixed","structure","shifted_rect"
"binary","sparse","teaching_fixed",300,1000,1.5,"ASHMED",0.05,3,3,0,0,3,0.0740740740740741,0.128300059819917,0.0740740740740741,0,0.392789091092553,3,0.25,0.1,0.0577350269189626,0.00158622882496701,0.498413771175033,3,5.66666666666667,3.05505046330389,1.76383420737639,-1.92249940052685,13.2558327338602,3,0.719999999999999,0.673572564761956,0.388887301584062,-0.953247009725568,2.39324700972557,"teaching_fixed","structure","shifted_rect"
"binary","sparse","teaching_fixed",300,1000,1.5,"ASHMED_Adaptive",0.05,3,3,0,0,3,0.605006105006105,0.245606262153979,0.141800841569258,0,1,3,0.983333333333333,0.0288675134594813,0.0166666666666667,0.911622454504176,1,3,62,29.4618397253125,17.0098010962308,-11.1872671191927,135.187267119193,3,16.6233333333333,24.8693673689809,14.3583359450568,-45.1556000153253,78.4022666819919,"teaching_fixed","structure","shifted_rect"
"binary","sparse","teaching_fixed",300,1000,1.5,"HDMT",0.05,3,3,0,0,3,0.136363636363636,0.236188746486665,0.136363636363636,0,0.723089008602199,3,0.383333333333333,0.23629078131263,0.136422546197874,0,0.970312174130989,3,10.6666666666667,9.86576572463249,5.69600249687835,-13.8412540251867,35.1745873585201,3,0.023333333333334,0.00577350269189511,0.00333333333333267,0.00899115756750534,0.0376755090991627,"teaching_fixed","structure","shifted_rect"
"binary","sparse","teaching_fixed",300,1000,1.5,"MDACT",0.05,3,3,0,0,3,0.126984126984127,0.219942959691286,0.126984126984127,0,0.673352727587233,3,0.383333333333333,0.23629078131263,0.136422546197874,0,0.970312174130989,3,10.3333333333333,9.29157324317757,5.36449231314369,-12.7482141615344,33.414880828201,3,0.0199999999999999,5.12792005837353e-16,2.96060602608484e-16,0.0199999999999986,0.0200000000000011,"teaching_fixed","structure","shifted_rect"
"binary","sparse","teaching_fixed",300,1000,1.5,"MLFDR",0.05,3,3,0,0,3,0.148148148148148,0.0399462139432315,0.0230629573732311,0.04891625165012,0.247380044646176,3,0.616666666666667,0.225462487641145,0.130170827931778,0.0565867985322565,1,3,14.6666666666667,6.02771377334171,3.48010216963685,-0.307004433328354,29.6403377666617,3,1.31666666666667,1.6200411517407,0.935331195055765,-2.70773865295985,5.34107198629318,"teaching_fixed","structure","shifted_rect"
"binary","sparse","teaching_fixed",300,1000,1.9,"ASHMED",0.05,3,3,0,0,3,0.0238095238095238,0.0412393049421161,0.0238095238095238,0,0.126253636422606,3,0.716666666666667,0.0763762615825973,0.0440958551844099,0.526937514986829,0.906395818346505,3,14.6666666666667,1.15470053837925,0.666666666666667,11.7982315135004,17.535101819833,3,1.36666666666667,2.06621231564748,1.19292823664199,-3.76608926711622,6.49942260044955,"teaching_fixed","structure","shifted_rect"
"binary","sparse","teaching_fixed",300,1000,1.9,"ASHMED_Adaptive",0.05,3,3,0,0,3,0.0526315789473684,0.0911605688194146,0.0526315789473684,0,0.279086985776287,3,0.866666666666667,0.0577350269189626,0.0333333333333333,0.723244909008351,1,3,18.3333333333333,0.577350269189626,0.333333333333333,16.8991157567502,19.7675509099165,3,4.02333333333333,2.14047502515991,1.23580383196975,-1.29390139772614,9.3405680643928,"teaching_fixed","structure","shifted_rect"
"binary","sparse","teaching_fixed",300,1000,1.9,"HDMT",0.05,3,3,0,0,3,0,0,0,0,0.707598226178713,3,0.766666666666667,0.104083299973307,0.0600925212577332,0.508109416039554,1,3,15.3333333333333,2.08166599946613,1.20185042515466,10.1621883207911,20.5044783458756,3,0.0199999999999996,0.00999999999999979,0.00577350269189613,-0.0048413771175032,0.0448413771175023,"teaching_fixed","structure","shifted_rect"
"binary","sparse","teaching_fixed",300,1000,1.9,"MDACT",0.05,3,3,0,0,3,0.0238095238095238,0.0412393049421161,0.0238095238095238,0,0.126253636422606,3,0.8,0.13228756555323,0.0763762615825973,0.471379469613579,1,3,16.3333333333333,2.08166599946613,1.20185042515466,11.1621883207911,21.5044783458756,3,0.0333333333333329,0.032145502536643,0.0185592145427666,-0.0465205217811079,0.113187188447774,"teaching_fixed","structure","shifted_rect"
"binary","sparse","teaching_fixed",300,1000,1.9,"MLFDR",0.05,3,3,0,0,3,0,0,0,0,0.707598226178713,3,0.883333333333333,0.0288675134594813,0.0166666666666667,0.811622454504175,0.955044212162491,3,17.6666666666667,0.577350269189626,0.333333333333333,16.2324490900835,19.1008842432498,3,0.183333333333333,0.136503968196288,0.0788106027835792,-0.155761321866634,0.522427988533301,"teaching_fixed","structure","shifted_rect"
"confounded","dense","teaching_fixed",300,1000,1.3,"ASHMED",0.05,3,3,0,0,3,0.0148148148148148,0.0256600119639834,0.0148148148148148,0,0.0785578182185105,3,0.175,0.0346410161513775,0.02,0.0889469454050107,0.261053054594989,3,35.6666666666667,8.08290376865476,4.66666666666667,15.5876205945025,55.7457127388308,3,0.383333333333333,0.165630109984065,0.0956265885852071,-0.0281146690794371,0.794781335746103,"teaching_fixed","structure","shifted_rect"
"confounded","dense","teaching_fixed",300,1000,1.3,"ASHMED_Adaptive",0.05,3,3,0,0,3,0.186701048724699,0.218254797617833,0.126009466156583,0,0.728876022257593,3,0.66,0.03,0.0173205080756888,0.58547586864749,0.73452413135251,3,172,54.744862772684,31.6069612585582,36.006221861779,307.993778138221,3,7.94666666666667,2.85496643296087,1.64831563859731,0.85453688476724,15.0387964485661,"teaching_fixed","structure","shifted_rect"
"confounded","dense","teaching_fixed",300,1000,1.3,"HDMT",0.05,3,3,0,3,3,0.0226488896620122,0.00591186296039824,0.0034132156715981,0.00796300793538701,0.0373347713886374,3,0.336666666666667,0.143643076176102,0.0829323686974982,0,0.693495849227546,3,69,29.8663690461362,17.2433562085034,-5.19217366055956,143.19217366056,3,0.0199999999999999,0.0173205080756889,0.01,-0.0230265272974949,0.0630265272974948,"teaching_fixed","structure","shifted_rect"
"confounded","dense","teaching_fixed",300,1000,1.3,"MDACT",0.05,3,3,0,3,3,0.0446656172365889,0.00747611007087848,0.00431633416191296,0.0260939302723232,0.0632373042008545,3,0.405,0.123186849947549,0.0711219609778396,0.0989869004535638,0.711013099546436,3,84.6666666666667,25.1064400768674,14.4952099367726,22.2988120639205,147.034521269413,3,0.0333333333333332,0.0416333199893228,0.0240370085030933,-0.0700895669175123,0.136756233584179,"teaching_fixed","structure","shifted_rect"
"confounded","dense","teaching_fixed",300,1000,1.3,"MLFDR",0.05,3,3,0,0,3,0.0659405447520824,0.0153140164215694,0.00884155150336745,0.027898419040898,0.103982670463267,3,0.683333333333333,0.0553022000767902,0.0319287401011134,0.545955052579817,0.82071161408685,3,146.333333333333,12.0554275466834,6.9602043392737,116.385991133343,176.280675533323,3,0.336666666666666,0.159478316185409,0.0920748487795542,-0.0594994327759512,0.732832766109284,"teaching_fixed","structure","shifted_rect"
"confounded","dense","teaching_fixed",300,1000,1.5,"ASHMED",0.05,3,3,0,0,3,0.028844169246646,0.0252660475592958,0.0145873593597173,0,0.09160851081557,3,0.378333333333333,0.0230940107675851,0.0133333333333333,0.320964630270007,0.43570203639666,3,78,6.2449979983984,3.60555127546399,62.4865649623732,93.5134350376268,3,0.236666666666666,0.128582010146572,0.0742368581710664,-0.0827487537910966,0.556082087124428,"teaching_fixed","structure","shifted_rect"
"confounded","dense","teaching_fixed",300,1000,1.5,"ASHMED_Adaptive",0.05,3,3,0,0,3,0.069624512256992,0.0226315064995221,0.0130663063696658,0.0134047334878065,0.125844291026178,3,0.828333333333333,0.0401040313850532,0.0231540733157497,0.728709396576504,0.927957270090163,3,178,4.58257569495584,2.64575131106459,166.61625089921,189.38374910079,3,2.84,1.89807797521598,1.09585582993385,-1.87508707807673,7.55508707807673,"teaching_fixed","structure","shifted_rect"
"confounded","dense","teaching_fixed",300,1000,1.5,"HDMT",0.05,3,3,0,3,3,0.0412099430967355,0.0271511719206998,0.0156757364172298,0,0.108657193183162,3,0.491666666666667,0.0490747728811182,0.0283333333333333,0.369758172657099,0.613575160676235,3,102.666666666667,11.3724814061547,6.5659052011974,74.4158567294585,130.917476603875,3,0.0299999999999995,0.00999999999999979,0.00577350269189613,0.00515862288249674,0.0548413771175023,"teaching_fixed","structure","shifted_rect"
"confounded","dense","teaching_fixed",300,1000,1.5,"MDACT",0.05,3,3,0,3,3,0.0432521552310245,0.0281160501730874,0.016232809135981,0,0.113096295771455,3,0.545,0.0427200187265876,0.0246644143115812,0.438877590434603,0.651122409565397,3,114,9.53939201416946,5.5075705472861,90.3028365504317,137.697163449568,3,0.0133333333333332,0.0115470053837924,0.0066666666666666,-0.0153510181983296,0.042017684864996,"teaching_fixed","structure","shifted_rect"
"confounded","dense","teaching_fixed",300,1000,1.5,"MLFDR",0.05,3,3,0,0,3,0.0674617209099968,0.0215239498192885,0.0124268582221902,0.0139932654580805,0.120930176361913,3,0.833333333333333,0.0375277674973256,0.0216666666666667,0.740109190855428,0.926557475811238,3,178.666666666667,4.16333199893227,2.40370085030933,168.324376641582,189.008956691751,3,0.3,0.147309198626563,0.0850490054811539,-0.0659363355959639,0.665936335595964,"teaching_fixed","structure","shifted_rect"
"confounded","dense","teaching_fixed",300,1000,1.9,"ASHMED",0.05,3,3,0,0,3,0.0173358296928091,0.0102224556730629,0.0059019375346219,0,0.0427298173369608,3,0.765,0.031224989991992,0.01802775637732,0.687432824811866,0.842567175188134,3,155.666666666667,4.72581562625261,2.72845092395748,143.927089850714,167.40624348262,3,0.256666666666666,0.115902257671423,0.0669161996662815,-0.0312505024919204,0.544583835825252,"teaching_fixed","structure","shifted_rect"
"confounded","dense","teaching_fixed",300,1000,1.9,"ASHMED_Adaptive",0.05,3,3,0,0,3,0.0551856277465037,0.0181891322798424,0.0105015004180927,0.0100013183061319,0.100369937186876,3,0.963333333333333,0.0144337567297407,0.00833333333333334,0.927477893918754,0.999188772747912,3,204,6.557438524302,3.78593889720018,187.710419669297,220.289580330703,3,2.59666666666667,1.91087240111247,1.10324269516931,-2.15020352727971,7.34353686061306,"teaching_fixed","structure","shifted_rect"
"confounded","dense","teaching_fixed",300,1000,1.9,"HDMT",0.05,3,3,0,3,3,0.0241250930752048,0.0118098608446206,0.00681842633773373,0,0.0534624137698504,3,0.81,0.0360555127546399,0.0208166599946613,0.720433141049704,0.899566858950296,3,166,6.92820323027551,4,148.789389081002,183.210610918998,3,0.0200000000000005,0.00999999999999934,0.00577350269189588,-0.00484137711750121,0.0448413771175021,"teaching_fixed","structure","shifted_rect"
"confounded","dense","teaching_fixed",300,1000,1.9,"MDACT",0.05,3,3,0,3,3,0.0259486784865215,0.00883990173769659,0.00510371964786897,0.00398914521174211,0.0479082117613008,3,0.813333333333333,0.0388372673257701,0.0224227067451228,0.716856212948059,0.909810453718608,3,167,7.81024967590665,4.50924975282289,147.598264241894,186.401735758106,3,0.00333333333333385,0.00577350269189716,0.00333333333333385,-0.0110088424324999,0.0176755090991676,"teaching_fixed","structure","shifted_rect"
"confounded","dense","teaching_fixed",300,1000,1.9,"MLFDR",0.05,3,3,0,0,3,0.0385896375978629,0.00967137848394059,0.00558377297113785,0.0145646015812954,0.0626146736144305,3,0.951666666666667,0.0144337567297406,0.0083333333333333,0.915811227252088,0.987522106081245,3,198,4.58257569495584,2.64575131106459,186.61625089921,209.38374910079,3,0.16,0.0499999999999994,0.0288675134594809,0.0357931144124855,0.284206885587515,"teaching_fixed","structure","shifted_rect"
"confounded","sparse","teaching_fixed",300,1000,1.3,"ASHMED",0.05,3,3,0,0,3,0,0,0,0,0.707598226178713,3,0.0833333333333333,0.0288675134594813,0.0166666666666667,0.0116224545041756,0.155044212162491,3,1.66666666666667,0.577350269189626,0.333333333333333,0.232449090083513,3.10088424324982,3,0.456666666666667,0.15502687938978,0.0895048105473171,0.0715585492395442,0.841774784093789,"teaching_fixed","structure","shifted_rect"
"confounded","sparse","teaching_fixed",300,1000,1.3,"ASHMED_Adaptive",0.05,3,3,0,0,3,0.284188034188034,0.0436337133689362,0.0251919361592983,0.175795881304555,0.392580187071513,3,0.55,0.35,0.202072594216369,0,1,3,15.3333333333333,9.45163125250522,5.45690184791497,-8.14582029857288,38.8124869652395,3,5.88666666666667,3.59007427964009,2.07273035176096,-3.03157223937219,14.8049055727055,"teaching_fixed","structure","shifted_rect"
"confounded","sparse","teaching_fixed",300,1000,1.3,"HDMT",0.05,3,3,0,3,3,0,0,0,0,0.707598226178713,3,0.25,0.05,0.0288675134594813,0.125793114412484,0.374206885587516,3,5,1,0.577350269189626,2.51586228824967,7.48413771175033,3,0.0200000000000003,0.0099999999999989,0.00577350269189562,-0.00484137711750025,0.0448413771175009,"teaching_fixed","structure","shifted_rect"
"confounded","sparse","teaching_fixed",300,1000,1.3,"MDACT",0.05,3,3,0,3,3,0,0,0,0,0.707598226178713,3,0.283333333333333,0.0763762615825973,0.0440958551844098,0.0936041816534954,0.473062485013171,3,5.66666666666667,1.52752523165195,0.881917103688197,1.87208363306991,9.46124970026343,3,0.0333333333333332,0.0416333199893228,0.0240370085030933,-0.0700895669175123,0.136756233584179,"teaching_fixed","structure","shifted_rect"
"confounded","sparse","teaching_fixed",300,1000,1.3,"MLFDR",0.05,3,3,0,0,3,0.0947712418300654,0.0856558328240598,0.0494534181386325,0,0.307552126379694,3,0.483333333333333,0.251661147842358,0.145296631451356,0,1,3,10.6666666666667,5.68624070307733,3.2829526005987,-3.45873830193743,24.7920716352708,3,1.72333333333333,0.990673171804574,0.571965422420311,-0.737635252765722,4.18430191943239,"teaching_fixed","structure","shifted_rect"
"confounded","sparse","teaching_fixed",300,1000,1.5,"ASHMED",0.05,3,3,0,0,3,0,0,0,0,0.707598226178713,3,0.133333333333333,0.0763762615825973,0.0440958551844098,0,0.323062485013171,3,2.66666666666667,1.52752523165195,0.881917103688197,-1.12791636693009,6.46124970026343,3,0.456666666666667,0.228983259941274,0.132203546767013,-0.112159284712981,1.02549261804632,"teaching_fixed","structure","shifted_rect"
"confounded","sparse","teaching_fixed",300,1000,1.5,"ASHMED_Adaptive",0.05,3,3,0,0,3,0.204761904761905,0.235076096137095,0.135721247384798,0,0.788723300307108,3,0.633333333333333,0.0763762615825973,0.0440958551844098,0.443604181653495,0.823062485013171,3,16.6666666666667,3.78593889720018,2.185812841434,7.26187307774924,26.0714602555841,3,4.15,3.75962764113682,2.1706220306631,-5.1894328054869,13.4894328054869,"teaching_fixed","structure","shifted_rect"
"confounded","sparse","teaching_fixed",300,1000,1.5,"HDMT",0.05,3,3,0,3,3,0,0,0,0,0.707598226178713,3,0.35,0.1,0.0577350269189626,0.101586228824967,0.598413771175033,3,7,2,1.15470053837925,2.03172457649934,11.9682754235007,3,0.0199999999999997,0.00999999999999979,0.00577350269189613,-0.00484137711750305,0.0448413771175025,"teaching_fixed","structure","shifted_rect"
"confounded","sparse","teaching_fixed",300,1000,1.5,"MDACT",0.05,3,3,0,3,3,0.058974358974359,0.0523604560427234,0.0302303233911579,0,0.189044942434534,3,0.5,0.0866025403784438,0.05,0.284867363512527,0.715132636487473,3,10.6666666666667,2.08166599946613,1.20185042515466,5.4955216541244,15.8378116792089,3,0.0233333333333339,0.0251661147842359,0.0145296631451356,-0.039182761460424,0.0858494281270918,"teaching_fixed","structure","shifted_rect"
"confounded","sparse","teaching_fixed",300,1000,1.5,"MLFDR",0.05,3,3,0,0,3,0.0494505494505494,0.0429134597577289,0.0247760975429829,0,0.156053493176404,3,0.633333333333333,0.0288675134594813,0.0166666666666667,0.561622454504175,0.705044212162491,3,13.3333333333333,0.577350269189626,0.333333333333333,11.8991157567502,14.7675509099165,3,0.656666666666666,0.713465719802524,0.411919625385558,-1.11568043393588,2.42901376726921,"teaching_fixed","structure","shifted_rect"
"confounded","sparse","teaching_fixed",300,1000,1.9,"ASHMED",0.05,3,3,0,0,3,0,0,0,0,0.707598226178713,3,0.383333333333333,0.125830573921179,0.0726483157256779,0.0707528593645446,0.695913807302122,3,7.66666666666667,2.51661147842358,1.45296631451356,1.41505718729089,13.9182761460424,3,0.296666666666666,0.0493288286231618,0.0284800124843914,0.174127063207401,0.419206270125932,"teaching_fixed","structure","shifted_rect"
"confounded","sparse","teaching_fixed",300,1000,1.9,"ASHMED_Adaptive",0.05,3,3,0,0,3,0.416862933589682,0.287373326647084,0.165915067497612,0,1,3,0.916666666666667,0.104083299973307,0.0600925212577331,0.658109416039554,1,3,40.6666666666667,28.5365263010993,16.4755711416765,-30.2219944802493,111.555327813583,3,1.05666666666666,0.117189305541647,0.0676592771006153,0.765552293356825,1.3477810399765,"teaching_fixed","structure","shifted_rect"
"confounded","sparse","teaching_fixed",300,1000,1.9,"HDMT",0.05,3,3,0,3,3,0.0416666666666667,0.0721687836487032,0.0416666666666667,0,0.220943863739561,3,0.5,0.173205080756888,0.1,0.0697347270250539,0.930265272974946,3,10.6666666666667,4.61880215351701,2.66666666666667,-0.807073945998566,22.1404072793319,3,0.0199999999999993,0.00999999999999845,0.00577350269189537,-0.00484137711750018,0.0448413771174987,"teaching_fixed","structure","shifted_rect"
"confounded","sparse","teaching_fixed",300,1000,1.9,"MDACT",0.05,3,3,0,3,3,0.05,0.0866025403784439,0.05,0,0.265132636487473,3,0.55,0.259807621135332,0.15,0,1,3,12,6.92820323027551,4,-5.21061091899785,29.2106109189978,3,0.013333333333333,0.0115470053837923,0.00666666666666652,-0.0153510181983294,0.0420176848649955,"teaching_fixed","structure","shifted_rect"
"confounded","sparse","teaching_fixed",300,1000,1.9,"MLFDR",0.05,3,3,0,0,3,0.0175438596491228,0.0303868562731382,0.0175438596491228,0,0.0930289952587625,3,0.833333333333333,0.0763762615825973,0.0440958551844099,0.643604181653495,1,3,17,2,1.15470053837925,12.0317245764993,21.9682754235007,3,0.213333333333332,0.0251661147842364,0.0145296631451359,0.150817238539573,0.275849428127091,"teaching_fixed","structure","shifted_rect"
"linear","dense","teaching_fixed",300,1000,1.3,"ASHMED",0.05,3,3,0,0,3,0.0319088319088319,0.0278445395393062,0.0160760523984796,0,0.101078502644746,3,0.203333333333333,0.0160727512683216,0.00927960727138337,0.163406405776113,0.243260260890554,3,42,3,1.73205080756888,34.547586864749,49.452413135251,3,0.319999999999999,0.0655743852430199,0.0378593889720018,0.157104196692969,0.482895803307029,"teaching_fixed","structure","shifted_rect"
"linear","dense","teaching_fixed",300,1000,1.3,"ASHMED_Adaptive",0.05,3,3,0,0,3,0.11542459827194,0.145301699909572,0.0838899755565016,0,0.476374030598737,3,0.721666666666667,0.198515322666371,0.114612874979695,0.22852726727085,1,3,172,80.6659779584925,46.5725240887801,-28.3853979019122,372.385397901912,3,8.64333333333333,3.56154928834817,2.05626144035994,-0.204045566109901,17.4907122327766,"teaching_fixed","structure","shifted_rect"
"linear","dense","teaching_fixed",300,1000,1.3,"HDMT",0.05,3,3,0,3,3,0.0611319574734209,0.0143831402527917,0.0083041098967414,0.025402256358067,0.0968616585887748,3,0.331666666666667,0.0765397500213669,0.0441902452785428,0.141531387190646,0.521801946142687,3,70.6666666666667,16.2890556304942,9.40449065311059,30.2024092861571,111.130924047176,3,0.0266666666666663,0.00577350269189633,0.00333333333333337,0.0123244909008346,0.041008842432498,"teaching_fixed","structure","shifted_rect"
"linear","dense","teaching_fixed",300,1000,1.3,"MDACT",0.05,3,3,0,3,3,0.0651437936644655,0.0200849906034263,0.0115960747315593,0.0152499110663431,0.115037676262588,3,0.36,0.0556776436283002,0.0321455025366432,0.221689065761544,0.498310934238456,3,77,11.5325625946708,6.65832811847939,48.351526345457,105.648473654543,3,0.0299999999999999,0.03605551275464,0.0208166599946614,-0.0595668589502963,0.119566858950296,"teaching_fixed","structure","shifted_rect"
"linear","dense","teaching_fixed",300,1000,1.3,"MLFDR",0.05,3,3,0,0,3,0.0452105690157466,0.024503087556893,0.0141468641969492,0,0.106079612870145,3,0.618333333333333,0.0292973263854116,0.0169148192751537,0.545554740005874,0.691111926660792,3,129.666666666667,9.07377172587747,5.23874454850057,107.126168134601,152.207165198733,3,0.39,0.12,0.069282032302755,0.0919034745899613,0.688096525410039,"teaching_fixed","structure","shifted_rect"
"linear","dense","teaching_fixed",300,1000,1.5,"ASHMED",0.05,3,3,0,0,3,0,0,0,0,0.707598226178713,3,0.288333333333333,0.0301385688667085,0.0174005108481843,0.213464977833358,0.363201688833308,3,57.6666666666667,6.02771377334171,3.48010216963685,42.6929955666716,72.6403377666617,3,0.21,0.075498344352707,0.0435889894354065,0.0224517156187274,0.397548284381272,"teaching_fixed","structure","shifted_rect"
"linear","dense","teaching_fixed",300,1000,1.5,"ASHMED_Adaptive",0.05,3,3,0,0,3,0.0686545273842738,0.0459204850527174,0.0265122044065046,0,0.182727336045596,3,0.828333333333333,0.0680685928555405,0.0392994204085053,0.659241574835106,0.99742509183156,3,178.666666666667,24.0069434400411,13.8604152575279,119.030113123403,238.30322020993,3,6.67333333333333,8.45426125296193,4.88107001019699,-14.328215870139,27.6748825368057,"teaching_fixed","structure","shifted_rect"
"linear","dense","teaching_fixed",300,1000,1.5,"HDMT",0.05,3,3,0,3,3,0.0358605699068379,0.0212601016641769,0.0122745254188113,0,0.0886735902064656,3,0.443333333333333,0.0758836829188814,0.0438114647603164,0.254827814888036,0.631838851778631,3,92,16.0934769394311,9.29157324317757,52.021587021575,131.978412978425,3,0.0300000000000001,9.24446493944595e-16,5.33729432130318e-16,0.0299999999999978,0.0300000000000024,"teaching_fixed","structure","shifted_rect"
"linear","dense","teaching_fixed",300,1000,1.5,"MDACT",0.05,3,3,0,3,3,0.0346564049570844,0.0208714191970673,0.0120501194917963,0,0.0865038844822691,3,0.493333333333333,0.0860716755578357,0.0496935050529186,0.279519438166575,0.707147228500092,3,102.333333333333,18.9296944860009,10.92906420717,55.3093653887462,149.35730127792,3,0.00666666666666667,0.0115470053837925,0.00666666666666667,-0.0220176848649964,0.0353510181983298,"teaching_fixed","structure","shifted_rect"
"linear","dense","teaching_fixed",300,1000,1.5,"MLFDR",0.05,3,3,0,0,3,0.0350580831243343,0.0112796717883295,0.00651232154336269,0.00703782505877861,0.06307834118989,3,0.773333333333333,0.0325320354932386,0.0187823794493078,0.692519277124579,0.854147389542088,3,160.333333333333,8.08290376865476,4.66666666666667,140.254287261169,180.412379405497,3,0.253333333333334,0.0737111479583202,0.0425571511160125,0.0702246909136621,0.436441975753005,"teaching_fixed","structure","shifted_rect"
"linear","dense","teaching_fixed",300,1000,1.9,"ASHMED",0.05,3,3,0,0,3,0.0167177294195433,0.00944502560095594,0.00545308807321482,0,0.0401804737033253,3,0.775,0.0409267638593622,0.023629078131263,0.673332282477058,0.876667717522942,3,157.666666666667,9.01849950564579,5.2068331172711,135.26347194129,180.069861392043,3,0.376666666666667,0.02081665999466,0.0120185042515459,0.324955216541247,0.428378116792086,"teaching_fixed","structure","shifted_rect"
"linear","dense","teaching_fixed",300,1000,1.9,"ASHMED_Adaptive",0.05,3,3,0,0,3,0.361673835310595,0.271340134730808,0.156658299828782,0,1,3,0.96,0.0304138126514911,0.0175594229214212,0.884447901034322,1,3,332.333333333333,112.646941074018,65.0367417524723,52.5028188980474,612.163847768619,3,3.24333333333334,1.30775889724877,0.755034951361708,-0.00531986119936834,6.49198652786604,"teaching_fixed","structure","shifted_rect"
"linear","dense","teaching_fixed",300,1000,1.9,"HDMT",0.05,3,3,0,3,3,0.049474193294418,0.0187929813181977,0.0108501328229371,0.00278983968566365,0.0961585469031724,3,0.86,0,0,0.86,0.86,3,181,3.60555127546399,2.08166599946613,172.04331410497,189.95668589503,3,0.0166666666666663,0.00577350269189613,0.00333333333333326,0.00232449090083508,0.0310088424324975,"teaching_fixed","structure","shifted_rect"
"linear","dense","teaching_fixed",300,1000,1.9,"MDACT",0.05,3,3,0,3,3,0.0563510053618755,0.0222866518260442,0.0128672044311021,0.00098789309214975,0.111714117631601,3,0.881666666666667,0.0275378527364305,0.0158989866902824,0.813258848183473,0.950074485149861,3,187,9.53939201416946,5.5075705472861,163.302836550432,210.697163449568,3,0.0166666666666666,0.00577350269189639,0.00333333333333341,0.00232449090083474,0.0310088424324985,"teaching_fixed","structure","shifted_rect"
"linear","dense","teaching_fixed",300,1000,1.9,"MLFDR",0.05,3,3,0,0,3,0.0519564453158632,0.0117890505509495,0.00680641150908077,0.0226708202565186,0.0812420703752077,3,0.971666666666667,0.00288675134594813,0.00166666666666667,0.964495578783751,0.978837754549582,3,205,2,1.15470053837925,200.031724576499,209.968275423501,3,0.146666666666667,0.0513160143944695,0.0296273147243857,0.0191906200926427,0.274142713240692,"teaching_fixed","structure","shifted_rect"
"linear","sparse","teaching_fixed",300,1000,1.3,"ASHMED",0.05,3,3,0,0,3,0,0,0,0,0.707598226178713,3,0.116666666666667,0.125830573921179,0.0726483157256779,0,0.429247140635455,3,2.33333333333333,2.51661147842358,1.45296631451356,-3.91827614604244,8.58494281270911,3,0.336666666666667,0.135769412362776,0.0783865067753659,-0.000603250685885737,0.67393658401922,"teaching_fixed","structure","shifted_rect"
"linear","sparse","teaching_fixed",300,1000,1.3,"ASHMED_Adaptive",0.05,3,3,0,0,3,0.35,0.248772496675257,0.143628867922435,0,0.96798514063729,3,0.5,0.13228756555323,0.0763762615825973,0.171379469613579,0.828620530386421,3,16,3.46410161513775,2,7.39469454050108,24.6053054594989,3,3.66666666666666,2.33041484146778,1.34546563604492,-2.12240472504612,9.45573805837945,"teaching_fixed","structure","shifted_rect"
"linear","sparse","teaching_fixed",300,1000,1.3,"HDMT",0.05,3,3,0,3,3,0.142857142857143,0.247435829652697,0.142857142857143,0,0.757521818535637,3,0.283333333333333,0.104083299973307,0.0600925212577332,0.0247760827062202,0.541890583960446,3,7.66666666666667,5.5075705472861,3.17979733805649,-6.01489702997214,21.3482303633055,3,0.0299999999999999,4.62224874573386e-16,2.66865655761086e-16,0.0299999999999987,0.030000000000001,"teaching_fixed","structure","shifted_rect"
"linear","sparse","teaching_fixed",300,1000,1.3,"MDACT",0.05,3,3,0,3,3,0.128205128205128,0.222057795842164,0.128205128205128,0,0.679827273044803,3,0.283333333333333,0.104083299973307,0.0600925212577332,0.0247760827062202,0.541890583960446,3,7.33333333333333,4.93288286231625,2.84800124843918,-4.92062701259337,19.58729367926,3,0.0233333333333335,0.0230940107675849,0.0133333333333333,-0.0340353697299924,0.0807020363966594,"teaching_fixed","structure","shifted_rect"
"linear","sparse","teaching_fixed",300,1000,1.3,"MLFDR",0.05,3,3,0,0,3,0.147008547008547,0.154301320976366,0.0890859092020197,0,0.53031427741883,3,0.516666666666667,0.115470053837925,0.0666666666666667,0.229823151350036,0.803510181983297,3,12.3333333333333,3.05505046330389,1.76383420737639,4.74416726613981,19.9224994005269,3,0.65,0.251197133741609,0.145028732785381,0.0259917269888769,1.27400827301112,"teaching_fixed","structure","shifted_rect"
"linear","sparse","teaching_fixed",300,1000,1.5,"ASHMED",0.05,3,3,0,0,3,0,0,0,0,0.707598226178713,3,0.133333333333333,0.189296944860009,0.1092906420717,0,0.603573012779205,3,2.66666666666667,3.78593889720018,2.185812841434,-6.73812692225076,12.0714602555841,3,0.640000000000001,0.294448637286709,0.17,-0.0914509640574082,1.37145096405741,"teaching_fixed","structure","shifted_rect"
"linear","sparse","teaching_fixed",300,1000,1.5,"ASHMED_Adaptive",0.05,3,3,0,0,3,0.187254901960784,0.0436577334866908,0.0252058041807499,0.0788030797969504,0.295706724124618,3,0.733333333333333,0.104083299973307,0.0600925212577332,0.47477608270622,0.991890583960446,3,18,1.73205080756888,1,13.6973472702505,22.3026527297495,3,2.30666666666667,0.447697814751572,0.258478453862427,1.19452364157407,3.41880969175926,"teaching_fixed","structure","shifted_rect"
"linear","sparse","teaching_fixed",300,1000,1.5,"HDMT",0.05,3,3,0,3,3,0.0222222222222222,0.038490017945975,0.0222222222222222,0,0.117836727327766,3,0.316666666666667,0.340342964277702,0.196497102042527,0,1,3,6.66666666666667,7.37111479583199,4.25571511160124,-11.6441975753004,24.9775309086338,3,0.0233333333333337,0.011547005383793,0.00666666666666697,-0.00535101819833066,0.0520176848649981,"teaching_fixed","structure","shifted_rect"
"linear","sparse","teaching_fixed",300,1000,1.5,"MDACT",0.05,3,3,0,3,3,0.0222222222222222,0.038490017945975,0.0222222222222222,0,0.117836727327766,3,0.45,0.229128784747792,0.13228756555323,0,1,3,9.33333333333333,5.13160143944688,2.96273147243853,-3.41427132406895,22.0809379907356,3,0.00999999999999993,0.01,0.00577350269189626,-0.0148413771175034,0.0348413771175033,"teaching_fixed","structure","shifted_rect"
"linear","sparse","teaching_fixed",300,1000,1.5,"MLFDR",0.05,3,3,0,0,3,0.0803030303030303,0.0755603493320708,0.0436247880269332,0,0.268005343591856,3,0.633333333333333,0.189296944860009,0.1092906420717,0.163093653887462,1,3,14,5.19615242270663,3,1.09204181075161,26.9079581892484,3,0.58,0.598581656919088,0.345591280754208,-0.906959267514704,2.0669592675147,"teaching_fixed","structure","shifted_rect"
"linear","sparse","teaching_fixed",300,1000,1.9,"ASHMED",0.05,3,3,0,0,3,0.0208333333333333,0.0360843918243516,0.0208333333333333,0,0.11047193186978,3,0.633333333333333,0.125830573921179,0.0726483157256779,0.320752859364545,0.945913807302122,3,13,3,1.73205080756888,5.54758686474901,20.452413135251,3,0.446666666666666,0.3585154575933,0.206988995950134,-0.443935101786276,1.33726843511961,"teaching_fixed","structure","shifted_rect"
"linear","sparse","teaching_fixed",300,1000,1.9,"ASHMED_Adaptive",0.05,3,3,0,0,3,0.0805675805675806,0.0217689254677799,0.0125682949787916,0.0264905718687862,0.134644589266375,3,0.933333333333333,0.0763762615825973,0.0440958551844099,0.743604181653495,1,3,20.3333333333333,2.08166599946613,1.20185042515466,15.1621883207911,25.5044783458756,3,2.85333333333333,1.81155550103587,1.04590205617501,-1.64682000371863,7.3534866703853,"teaching_fixed","structure","shifted_rect"
"linear","sparse","teaching_fixed",300,1000,1.9,"HDMT",0.05,3,3,0,3,3,0.0392156862745098,0.0339617805405662,0.0196078431372549,0,0.123581426073519,3,0.733333333333333,0.115470053837925,0.0666666666666667,0.446489818016703,1,3,15.3333333333333,2.88675134594813,1.66666666666667,8.16224545041756,22.5044212162491,3,0.0333333333333341,0.00577350269189562,0.00333333333333297,0.0189911575675041,0.0476755090991641,"teaching_fixed","structure","shifted_rect"
"linear","sparse","teaching_fixed",300,1000,1.9,"MDACT",0.05,3,3,0,3,3,0.0392156862745098,0.0339617805405662,0.0196078431372549,0,0.123581426073519,3,0.733333333333333,0.115470053837925,0.0666666666666667,0.446489818016703,1,3,15.3333333333333,2.88675134594813,1.66666666666667,8.16224545041756,22.5044212162491,3,0.00666666666666682,0.0115470053837928,0.00666666666666682,-0.0220176848649969,0.0353510181983306,"teaching_fixed","structure","shifted_rect"
"linear","sparse","teaching_fixed",300,1000,1.9,"MLFDR",0.05,3,3,0,0,3,0.046969696969697,0.0455302400039901,0.0262868963225719,0,0.160073083188652,3,0.916666666666667,0.104083299973307,0.0600925212577331,0.658109416039554,1,3,19.3333333333333,3.05505046330389,1.76383420737639,11.7441672661398,26.9224994005269,3,0.193333333333334,0.0251661147842349,0.0145296631451351,0.130817238539578,0.255849428127089,"teaching_fixed","structure","shifted_rect"
