"case_id","method","status","warning","error","elapsed_seconds","cached"
"linear_sparse_n300_t01_r0001","ASHMED_Adaptive","ok","","",1.2,FALSE
"confounded_sparse_n300_t01_r0001","ASHMED_Adaptive","ok","","",2.17,FALSE
"binary_sparse_n300_t01_r0001","ASHMED_Adaptive","ok","","",3.45,FALSE
"linear_dense_n300_t01_r0001","ASHMED_Adaptive","ok","","",3.29,FALSE
"confounded_dense_n300_t01_r0001","ASHMED_Adaptive","ok","","",1.8,FALSE
"binary_dense_n300_t01_r0001","ASHMED_Adaptive","ok","","",1.49,FALSE
"linear_sparse_n300_t02_r0001","ASHMED_Adaptive","ok","","",1.17,FALSE
"confounded_sparse_n300_t02_r0001","ASHMED_Adaptive","ok","","",1.4,FALSE
"binary_sparse_n300_t02_r0001","ASHMED_Adaptive","ok","","",0.72,FALSE
"linear_dense_n300_t02_r0001","ASHMED_Adaptive","ok","","",0.84,FALSE
"confounded_dense_n300_t02_r0001","ASHMED_Adaptive","ok","","",0.890000000000001,FALSE
"binary_dense_n300_t02_r0001","ASHMED_Adaptive","ok","","",3.54,FALSE
"linear_sparse_n300_t03_r0001","ASHMED_Adaptive","ok","","",0.75,FALSE
"confounded_sparse_n300_t03_r0001","ASHMED_Adaptive","ok","","",0.649999999999999,FALSE
"binary_sparse_n300_t03_r0001","ASHMED_Adaptive","ok","","",0.529999999999999,FALSE
"linear_dense_n300_t03_r0001","ASHMED_Adaptive","ok","","",3.66,FALSE
"confounded_dense_n300_t03_r0001","ASHMED_Adaptive","ok","","",1.16,FALSE
"binary_dense_n300_t03_r0001","ASHMED_Adaptive","ok","","",2.86,FALSE
"linear_sparse_n300_t01_r0002","ASHMED_Adaptive","ok","","",0.81,FALSE
"confounded_sparse_n300_t01_r0002","ASHMED_Adaptive","ok","","",1.31,FALSE
"binary_sparse_n300_t01_r0002","ASHMED_Adaptive","ok","","",1.11,FALSE
"linear_dense_n300_t01_r0002","ASHMED_Adaptive","ok","","",1.72,FALSE
"confounded_dense_n300_t01_r0002","ASHMED_Adaptive","ok","","",0.94,FALSE
"binary_dense_n300_t01_r0002","ASHMED_Adaptive","ok","","",2.03,FALSE
"linear_sparse_n300_t02_r0002","ASHMED_Adaptive","ok","","",1.09,FALSE
"confounded_sparse_n300_t02_r0002","ASHMED_Adaptive","ok","","",1.25,FALSE
"binary_sparse_n300_t02_r0002","ASHMED_Adaptive","ok","","",1.77,FALSE
"linear_dense_n300_t02_r0002","ASHMED_Adaptive","ok","","",0.75,FALSE
"confounded_dense_n300_t02_r0002","ASHMED_Adaptive","ok","","",0.84,FALSE
"binary_dense_n300_t02_r0002","ASHMED_Adaptive","ok","","",1.09,FALSE
"linear_sparse_n300_t03_r0002","ASHMED_Adaptive","ok","","",0.5,FALSE
"confounded_sparse_n300_t03_r0002","ASHMED_Adaptive","ok","","",0.57,FALSE
"binary_sparse_n300_t03_r0002","ASHMED_Adaptive","ok","","",1.28,FALSE
"linear_dense_n300_t03_r0002","ASHMED_Adaptive","ok","","",1.58,FALSE
"confounded_dense_n300_t03_r0002","ASHMED_Adaptive","ok","","",0.379999999999999,FALSE
"binary_dense_n300_t03_r0002","ASHMED_Adaptive","ok","","",9.54,FALSE
"linear_sparse_n300_t01_r0003","ASHMED_Adaptive","ok","","",3.48,FALSE
"confounded_sparse_n300_t01_r0003","ASHMED_Adaptive","ok","","",4,FALSE
"binary_sparse_n300_t01_r0003","ASHMED_Adaptive","ok","","",3.81,FALSE
"linear_dense_n300_t01_r0003","ASHMED_Adaptive","ok","","",7.74,FALSE
"confounded_dense_n300_t01_r0003","ASHMED_Adaptive","ok","","",3.69,FALSE
"binary_dense_n300_t01_r0003","ASHMED_Adaptive","ok","","",16.33,FALSE
"linear_sparse_n300_t02_r0003","ASHMED_Adaptive","ok","","",2.11,FALSE
"confounded_sparse_n300_t02_r0003","ASHMED_Adaptive","ok","","",0.949999999999996,FALSE
"binary_sparse_n300_t02_r0003","ASHMED_Adaptive","ok","","",2.29,FALSE
"linear_dense_n300_t02_r0003","ASHMED_Adaptive","ok","","",0.779999999999994,FALSE
"confounded_dense_n300_t02_r0003","ASHMED_Adaptive","ok","","",1.43,FALSE
"binary_dense_n300_t02_r0003","ASHMED_Adaptive","ok","","",4,FALSE
"linear_sparse_n300_t03_r0003","ASHMED_Adaptive","ok","","",5.18,FALSE
"confounded_sparse_n300_t03_r0003","ASHMED_Adaptive","ok","","",1.55,FALSE
"binary_sparse_n300_t03_r0003","ASHMED_Adaptive","ok","","",1.69,FALSE
"linear_dense_n300_t03_r0003","ASHMED_Adaptive","ok","","",2.26,FALSE
"confounded_dense_n300_t03_r0003","ASHMED_Adaptive","ok","","",5.64,FALSE
"binary_dense_n300_t03_r0003","ASHMED_Adaptive","ok","","",12.9,FALSE
